Workbook

Sheet README
A1: Standard Design Library: Register
A2: Purpose | B2: Call out approved standard designs (drains, retaining walls, linkways, railings, staircases, POB, USD) quickly for tender drawing preparation, with preliminary quantities.
A4: SHEETS
A5: Design_Selector | B5: Enter requirement (e.g. U-drain 500x800 vehicular, or RW H = 2.8 m) and get the nearest approved design + file links.
A6: Tender_Pack | B6: List the Design IDs used in a tender with lengths. Gives drawing refs, DWG files and preliminary concrete / rebar / formwork / excavation.
A7: Coverage | B7: Shows which sizes / heights have an approved design and where the gaps are (red = 0).
A8: Drain_Register | B8: One row per drain design variant.
A9: RW_Register | B9: One row per retaining wall design variant.
A10: Other_Register | B10: LTA linkway, railing, staircase, POB, USD and others.
A11: Lists | B11: Dropdown values and ID codes. Add new types here.
A13: COLOUR LEGEND
A14: Yellow cell, blue text | B14: Input: type or pick from dropdown.
A15: Grey cell, black text | B15: Formula: do not overwrite.
A16: Green column header | B16: Tender quantity per unit (per m run, or per nr / span where stated).
A17: Green-shaded rows | B17: EXAMPLE data to show the format. Values are illustrative only; delete or overwrite with your own designs.
A19: DESIGN ID FORMAT
A20: Drain | B20: DRN-[Type]-[W]x[D]-[Load]-[Rev] e.g. DRN-UD-0600x0900-VEH-B
A21: Retaining wall | B21: RW-[Type]-H[mm]-S[kPa][-GW]-[Rev] e.g. RW-CANT-H3000-S10-A (-GW = designed with groundwater)
A22: Others | B22: [Family]-[Type]-SP[mm]-H[mm]-[Rev] e.g. LKW-SINGLESPAN-SP6000-H3000-A
A23: Rule | B23: Use the SAME ID for the DWG file name, PDF file name, calc report and the drawing title block.
A25: ADDING A DESIGN
A26: 1 | B26: Fill a new row in the right register. The Design ID builds itself.
A27: 2 | B27: Save the tender detail DWG (xrefs bound / eTransmit, consistent base point and layers) and PDF using that ID as the file name.
A28: 3 | B28: Put the file paths / SharePoint links in the DWG, PDF and Calc columns. Fill quantities per metre.
A29: 4 | B29: Set Status. Only 'Approved' designs appear in the Selector. When revising, set the old row to 'Superseded' and add a new row with the next Rev.
A31: MOVING TO SHAREPOINT / POWER APPS
A32: Tables | B32: Each register is an Excel Table (tblDrain, tblRW, tblOther). In SharePoint: New > List > From Excel, pick the table. Or keep this file in the library and point Power Apps at the tables directly.
A33: Recommended | B33: Import into SharePoint Lists (better for many users, versioning and Power Apps delegation). Keep this workbook as the template and offline copy.
A34: CAD | B34: Sync the SharePoint 'Design Library' document library to your PC (OneDrive Sync), then point AutoCAD Tool Palettes / DesignCenter at the synced folder for drag-and-drop details.
A36: DISCLAIMER | B36: Standard designs are valid only within the stated assumptions. The QP must verify site conditions, loading and soil parameters for each project. Tender quantities are preliminary.

Sheet Design_Selector
A1: Design Selector: find the nearest APPROVED standard design
A2: Type into the yellow cells. Returns the smallest approved design at or above your requirement. Only rows with Status = Approved are considered.
A4: DRAIN | D4: RETAINING WALL
A5: Drain Type | B5: U-Drain | D5: Wall Type | E5: Cantilever RC
A6: Min. Internal Width (mm) | B6: 500 | D6: Retained Height (m) | E6: 2.8
A7: Min. Internal Depth (mm) | B7: 800 | D7: Surcharge (kPa) | E7: 10
A8: Loading | B8: Vehicular (LM1) | D8: GWT behind wall? (Y/N) | E8: N
A10: Selected width (mm) | B10: =_xlfn.MINIFS(Drain_Register!$D$5:$D$304,Drain_Register!$C$5:$C$304,B5,Drain_Register!$H$5:$H$304,B8,Drain_Register!$S$5:$S$304,"Approved",Drain_Register!$D$5:$D$304,">="&B6,Drain_Register!$E$5:$E$304,">="&B7) -> 600 | D10: Selected height (m) | E10: =_xlfn.MINIFS(RW_Register!$D$5:$D$304,RW_Register!$C$5:$C$304,E5,RW_Register!$Y$5:$Y$304,"Approved",RW_Register!$D$5:$D$304,">="&E6,RW_Register!$E$5:$E$304,">="&E7,RW_Register!$F$5:$F$304,IF(E8="Y","Y","<>#")) -> 3
A11: Selected depth (mm) | B11: =IF(B10=0,0,_xlfn.MINIFS(Drain_Register!$E$5:$E$304,Drain_Register!$C$5:$C$304,B5,Drain_Register!$H$5:$H$304,B8,Drain_Register!$S$5:$S$304,"Approved",Drain_Register!$D$5:$D$304,B10,Drain_Register!$E$5:$E$304,">="&B7)) -> 900 | D11: Selected surcharge (kPa) | E11: =IF(E10=0,0,_xlfn.MINIFS(RW_Register!$E$5:$E$304,RW_Register!$C$5:$C$304,E5,RW_Register!$Y$5:$Y$304,"Approved",RW_Register!$D$5:$D$304,E10,RW_Register!$E$5:$E$304,">="&E7,RW_Register!$F$5:$F$304,IF(E8="Y","Y","<>#"))) -> 10
A12: Row in register | B12: =IFERROR(MATCH(B5&"|"&B10&"|"&B11&"|"&B8&"|Approved",Drain_Register!$AH$5:$AH$304,0),0) -> 3 | D12: Selected GWT case | E12: =IF(E10=0,"",IF(E8="Y","Y",IF(COUNTIFS(RW_Register!$C$5:$C$304,E5,RW_Register!$Y$5:$Y$304,"Approved",RW_Register!$D$5:$D$304,E10,RW_Register!$E$5:$E$304,E11,RW_Register!$F$5:$F$304,"N")>0,"N","Y"))) -> N
D13: Row in register | E13: =IFERROR(MATCH(E5&"|"&E10&"|"&E11&"|"&E12&"|Approved",RW_Register!$AN$5:$AN$304,0),0) -> 5
A14: Result | B14: =IF(B12=0,"NO STANDARD DESIGN - bespoke design needed",IF(OR(B10>B6,B11>B7),"Match (conservative: larger than required)","Exact match")) -> Match (conservative: larger than required) | D14: Result | E14: =IF(E13=0,"NO STANDARD DESIGN - bespoke design needed",IF(OR(E10>E6,E11>E7,E12<>E8),"Match (conservative: covers a worse case)","Exact match")) -> Match (conservative: covers a worse case)
A15: Design ID | B15: =IF($B$12=0,"",INDEX(Drain_Register!$A$5:$A$304,$B$12)) -> DRN-UD-0600x0900-VEH-B | D15: Design ID | E15: =IF($E$13=0,"",INDEX(RW_Register!$A$5:$A$304,$E$13)) -> RW-CANT-H3000-S10-A
A16: Description | B16: =IF($B$12=0,"",INDEX(Drain_Register!$B$5:$B$304,$B$12)) -> U-Drain 600W x 900D, Vehicular (LM1), Cast-in-situ | D16: Description | E16: =IF($E$13=0,"",INDEX(RW_Register!$B$5:$B$304,$E$13)) -> Cantilever RC, H = 3.0 m, q = 10 kPa
A17: Rev | B17: =IF($B$12=0,"",INDEX(Drain_Register!$R$5:$R$304,$B$12)) -> B | D17: Rev | E17: =IF($E$13=0,"",INDEX(RW_Register!$X$5:$X$304,$E$13)) -> A
A18: Drawing No. | B18: =IF($B$12=0,"",INDEX(Drain_Register!$T$5:$T$304,$B$12)) -> STD-DRN-003 | D18: Drawing No. | E18: =IF($E$13=0,"",INDEX(RW_Register!$Z$5:$Z$304,$E$13)) -> STD-RW-005
A19: Wall / Base / Dist. bars | B19: =IF($B$12=0,"",INDEX(Drain_Register!$M$5:$M$304,$B$12)&" / "&INDEX(Drain_Register!$N$5:$N$304,$B$12)&" / "&INDEX(Drain_Register!$O$5:$O$304,$B$12)) -> T13@150 / T13@150 / T10@200 | D19: Stem / Base bars | E19: =IF($E$13=0,"",INDEX(RW_Register!$R$5:$R$304,$E$13)&" / "&INDEX(RW_Register!$S$5:$S$304,$E$13)) -> T16@125 / T16@150
A20: Tender Detail DWG | B20: =IF($B$12=0,"",INDEX(Drain_Register!$U$5:$U$304,$B$12)) -> Drainage/DRN-UD-0600x0900-VEH-B.dwg | D20: Tender Detail DWG | E20: =IF($E$13=0,"",INDEX(RW_Register!$AA$5:$AA$304,$E$13)) -> RetainingWall/RW-CANT-H3000-S10-A.dwg
A21: PDF | B21: =IF($B$12=0,"",INDEX(Drain_Register!$V$5:$V$304,$B$12)) -> Drainage/DRN-UD-0600x0900-VEH-B.pdf | D21: PDF | E21: =IF($E$13=0,"",INDEX(RW_Register!$AB$5:$AB$304,$E$13)) -> RetainingWall/RW-CANT-H3000-S10-A.pdf
A22: Calc Report | B22: =IF($B$12=0,"",INDEX(Drain_Register!$W$5:$W$304,$B$12)) -> Drainage/Calcs/DRN-UD-0600x0900-VEH-B_calc.pdf | D22: Calc Report | E22: =IF($E$13=0,"",INDEX(RW_Register!$AC$5:$AC$304,$E$13)) -> RetainingWall/Calcs/RW-CANT-H3000-S10-A_calc.pdf
A23: Concrete (m3/m) | B23: =IF($B$12=0,"",INDEX(Drain_Register!$X$5:$X$304,$B$12)) -> 0.405 | D23: Concrete (m3/m) | E23: =IF($E$13=0,"",INDEX(RW_Register!$AD$5:$AD$304,$E$13)) -> 2.08
A24: Rebar (kg/m) | B24: =IF($B$12=0,"",INDEX(Drain_Register!$Y$5:$Y$304,$B$12)) -> 48 | D24: Rebar (kg/m) | E24: =IF($E$13=0,"",INDEX(RW_Register!$AE$5:$AE$304,$E$13)) -> 160
A25: Limitations | B25: =IF($B$12=0,"",INDEX(Drain_Register!$AB$5:$AB$304,$B$12)) -> EXAMPLE values. Rev A superseded (cover increased). | D25: Limitations | E25: =IF($E$13=0,"",INDEX(RW_Register!$AH$5:$AH$304,$E$13)) -> EXAMPLE values.
A27: Note: loading is matched exactly (a Vehicular design is not offered for a Pedestrian search). A wall designed with GWT is offered for a no-GWT search, not the other way round.
A28: Copy the Design ID into the Tender_Pack sheet to add it to your tender.

Sheet Tender_Pack
A1: Tender Pack: designs used in this tender + preliminary quantities
A2: Type Design IDs (from any register) and the length / number. Everything else fills in. Save a copy of this workbook per tender, or copy this sheet out.
A3: Tender / Project: | B3: EXAMPLE - Tender T-2026-01 Road Upgrading
A5: Item | B5: Design ID | C5: Location / Remarks | D5: Length / Qty | E5: Unit | F5: Register | G5: Description | H5: Rev | I5: Status | J5: Drawing No. | K5: Tender Detail DWG | L5: Concrete (m3) | M5: Rebar / Steel (t) | N5: Formwork (m2) | O5: Excavation (m3) | P5: Check
A6: 1 | B6: DRN-UD-0600x0900-VEH-B | C6: Main road side drain, Ch 0-120 | D6: 120 | E6: =IF($B6="","",IF(F6="Others",IFERROR(INDEX(Other_Register!$S$5:$S$304,MATCH($B6,Other_Register!$A$5:$A$304,0)),""),IF(F6="", "","m"))) -> m | F6: =IF($B6="","",IF(ISNUMBER(MATCH($B6,Drain_Register!$A$5:$A$304,0)),"Drain",IF(ISNUMBER(MATCH($B6,RW_Register!$A$5:$A$304,0)),"Ret. Wall",IF(ISNUMBER(MATCH($B6,Other_Register!$A$5:$A$304,0)),"Others","")))) -> Drain | G6: =IF($B6="","",IFERROR(INDEX(Drain_Register!$B$5:$B$304,MATCH($B6,Drain_Register!$A$5:$A$304,0)),IFERROR(INDEX(RW_Register!$B$5:$B$304,MATCH($B6,RW_Register!$A$5:$A$304,0)),IFERROR(INDEX(Other_Register!$B$5:$B$304,MATCH($B6,Other_Register!$A$5:$A$304,0)),"ID not found - check spelling")))) -> U-Drain 600W x 900D, Vehicular (LM1), Cast-in-situ | H6: =IF($B6="","",IFERROR(INDEX(Drain_Register!$R$5:$R$304,MATCH($B6,Drain_Register!$A$5:$A$304,0)),IFERROR(INDEX(RW_Register!$X$5:$X$304,MATCH($B6,RW_Register!$A$5:$A$304,0)),IFERROR(INDEX(Other_Register!$M$5:$M$304,MATCH($B6,Other_Register!$A$5:$A$304,0)),"")))) -> B | I6: =IF($B6="","",IFERROR(INDEX(Drain_Register!$S$5:$S$304,MATCH($B6,Drain_Register!$A$5:$A$304,0)),IFERROR(INDEX(RW_Register!$Y$5:$Y$304,MATCH($B6,RW_Register!$A$5:$A$304,0)),IFERROR(INDEX(Other_Register!$N$5:$N$304,MATCH($B6,Other_Register!$A$5:$A$304,0)),"")))) -> Approved | J6: =IF($B6="","",IFERROR(INDEX(Drain_Register!$T$5:$T$304,MATCH($B6,Drain_Register!$A$5:$A$304,0)),IFERROR(INDEX(RW_Register!$Z$5:$Z$304,MATCH($B6,RW_Register!$A$5:$A$304,0)),IFERROR(INDEX(Other_Register!$O$5:$O$304,MATCH($B6,Other_Register!$A$5:$A$304,0)),"")))) -> STD-DRN-003 | K6: =IF($B6="","",IFERROR(INDEX(Drain_Register!$U$5:$U$304,MATCH($B6,Drain_Register!$A$5:$A$304,0)),IFERROR(INDEX(RW_Register!$AA$5:$AA$304,MATCH($B6,RW_Register!$A$5:$A$304,0)),IFERROR(INDEX(Other_Register!$P$5:$P$304,MATCH($B6,Other_Register!$A$5:$A$304,0)),"")))) -> Drainage/DRN-UD-0600x0900-VEH-B.dwg | L6: =IF(OR($B6="",$D6=""),"",$D6*IFERROR(INDEX(Drain_Register!$X$5:$X$304,MATCH($B6,Drain_Register!$A$5:$A$304,0)),IFERROR(INDEX(RW_Register!$AD$5:$AD$304,MATCH($B6,RW_Register!$A$5:$A$304,0)),IFERROR(INDEX(Other_Register!$T$5:$T$304,MATCH($B6,Other_Register!$A$5:$A$304,0)),0)))) -> 48.6 | M6: =IF(OR($B6="",$D6=""),"",$D6*IFERROR(INDEX(Drain_Register!$Y$5:$Y$304,MATCH($B6,Drain_Register!$A$5:$A$304,0)),IFERROR(INDEX(RW_Register!$AE$5:$AE$304,MATCH($B6,RW_Register!$A$5:$A$304,0)),IFERROR(INDEX(Other_Register!$U$5:$U$304,MATCH($B6,Other_Register!$A$5:$A$304,0)),0)))/1000) -> 5.76 | N6: =IF(OR($B6="",$D6=""),"",$D6*IFERROR(INDEX(Drain_Register!$Z$5:$Z$304,MATCH($B6,Drain_Register!$A$5:$A$304,0)),IFERROR(INDEX(RW_Register!$AF$5:$AF$304,MATCH($B6,RW_Register!$A$5:$A$304,0)),IFERROR(INDEX(Other_Register!$V$5:$V$304,MATCH($B6,Other_Register!$A$5:$A$304,0)),0)))) -> 450 | O6: =IF(OR($B6="",$D6=""),"",$D6*IFERROR(INDEX(Drain_Register!$AA$5:$AA$304,MATCH($B6,Drain_Register!$A$5:$A$304,0)),IFERROR(INDEX(RW_Register!$AG$5:$AG$304,MATCH($B6,RW_Register!$A$5:$A$304,0)),IFERROR(INDEX(Other_Register!$W$5:$W$304,MATCH($B6,Other_Register!$A$5:$A$304,0)),0)))) -> 252 | P6: =IF($B6="","",IF(F6="","ID not found",IF(I6<>"Approved","WARNING: status is "&I6,IF(D6="","Enter length / qty","OK")))) -> OK
A7: 2 | B7: DRN-UD-0300x0450-PED-A | C7: Footpath drain | D7: 85 | E7: =IF($B7="","",IF(F7="Others",IFERROR(INDEX(Other_Register!$S$5:$S$304,MATCH($B7,Other_Register!$A$5:$A$304,0)),""),IF(F7="", "","m"))) -> m | F7: =IF($B7="","",IF(ISNUMBER(MATCH($B7,Drain_Register!$A$5:$A$304,0)),"Drain",IF(ISNUMBER(MATCH($B7,RW_Register!$A$5:$A$304,0)),"Ret. Wall",IF(ISNUMBER(MATCH($B7,Other_Register!$A$5:$A$304,0)),"Others","")))) -> Drain | G7: =IF($B7="","",IFERROR(INDEX(Drain_Register!$B$5:$B$304,MATCH($B7,Drain_Register!$A$5:$A$304,0)),IFERROR(INDEX(RW_Register!$B$5:$B$304,MATCH($B7,RW_Register!$A$5:$A$304,0)),IFERROR(INDEX(Other_Register!$B$5:$B$304,MATCH($B7,Other_Register!$A$5:$A$304,0)),"ID not found - check spelling")))) -> U-Drain 300W x 450D, Pedestrian, Cast-in-situ | H7: =IF($B7="","",IFERROR(INDEX(Drain_Register!$R$5:$R$304,MATCH($B7,Drain_Register!$A$5:$A$304,0)),IFERROR(INDEX(RW_Register!$X$5:$X$304,MATCH($B7,RW_Register!$A$5:$A$304,0)),IFERROR(INDEX(Other_Register!$M$5:$M$304,MATCH($B7,Other_Register!$A$5:$A$304,0)),"")))) -> A | I7: =IF($B7="","",IFERROR(INDEX(Drain_Register!$S$5:$S$304,MATCH($B7,Drain_Register!$A$5:$A$304,0)),IFERROR(INDEX(RW_Register!$Y$5:$Y$304,MATCH($B7,RW_Register!$A$5:$A$304,0)),IFERROR(INDEX(Other_Register!$N$5:$N$304,MATCH($B7,Other_Register!$A$5:$A$304,0)),"")))) -> Approved | J7: =IF($B7="","",IFERROR(INDEX(Drain_Register!$T$5:$T$304,MATCH($B7,Drain_Register!$A$5:$A$304,0)),IFERROR(INDEX(RW_Register!$Z$5:$Z$304,MATCH($B7,RW_Register!$A$5:$A$304,0)),IFERROR(INDEX(Other_Register!$O$5:$O$304,MATCH($B7,Other_Register!$A$5:$A$304,0)),"")))) -> STD-DRN-001 | K7: =IF($B7="","",IFERROR(INDEX(Drain_Register!$U$5:$U$304,MATCH($B7,Drain_Register!$A$5:$A$304,0)),IFERROR(INDEX(RW_Register!$AA$5:$AA$304,MATCH($B7,RW_Register!$A$5:$A$304,0)),IFERROR(INDEX(Other_Register!$P$5:$P$304,MATCH($B7,Other_Register!$A$5:$A$304,0)),"")))) -> Drainage/DRN-UD-0300x0450-PED-A.dwg | L7: =IF(OR($B7="",$D7=""),"",$D7*IFERROR(INDEX(Drain_Register!$X$5:$X$304,MATCH($B7,Drain_Register!$A$5:$A$304,0)),IFERROR(INDEX(RW_Register!$AD$5:$AD$304,MATCH($B7,RW_Register!$A$5:$A$304,0)),IFERROR(INDEX(Other_Register!$T$5:$T$304,MATCH($B7,Other_Register!$A$5:$A$304,0)),0)))) -> 17 | M7: =IF(OR($B7="",$D7=""),"",$D7*IFERROR(INDEX(Drain_Register!$Y$5:$Y$304,MATCH($B7,Drain_Register!$A$5:$A$304,0)),IFERROR(INDEX(RW_Register!$AE$5:$AE$304,MATCH($B7,RW_Register!$A$5:$A$304,0)),IFERROR(INDEX(Other_Register!$U$5:$U$304,MATCH($B7,Other_Register!$A$5:$A$304,0)),0)))/1000) -> 1.53 | N7: =IF(OR($B7="",$D7=""),"",$D7*IFERROR(INDEX(Drain_Register!$Z$5:$Z$304,MATCH($B7,Drain_Register!$A$5:$A$304,0)),IFERROR(INDEX(RW_Register!$AF$5:$AF$304,MATCH($B7,RW_Register!$A$5:$A$304,0)),IFERROR(INDEX(Other_Register!$V$5:$V$304,MATCH($B7,Other_Register!$A$5:$A$304,0)),0)))) -> 187 | O7: =IF(OR($B7="",$D7=""),"",$D7*IFERROR(INDEX(Drain_Register!$AA$5:$AA$304,MATCH($B7,Drain_Register!$A$5:$A$304,0)),IFERROR(INDEX(RW_Register!$AG$5:$AG$304,MATCH($B7,RW_Register!$A$5:$A$304,0)),IFERROR(INDEX(Other_Register!$W$5:$W$304,MATCH($B7,Other_Register!$A$5:$A$304,0)),0)))) -> 80.75 | P7: =IF($B7="","",IF(F7="","ID not found",IF(I7<>"Approved","WARNING: status is "&I7,IF(D7="","Enter length / qty","OK")))) -> OK
A8: 3 | B8: RW-CANT-H3000-S10-A | C8: Slope at carpark, grid A-D | D8: 42 | E8: =IF($B8="","",IF(F8="Others",IFERROR(INDEX(Other_Register!$S$5:$S$304,MATCH($B8,Other_Register!$A$5:$A$304,0)),""),IF(F8="", "","m"))) -> m | F8: =IF($B8="","",IF(ISNUMBER(MATCH($B8,Drain_Register!$A$5:$A$304,0)),"Drain",IF(ISNUMBER(MATCH($B8,RW_Register!$A$5:$A$304,0)),"Ret. Wall",IF(ISNUMBER(MATCH($B8,Other_Register!$A$5:$A$304,0)),"Others","")))) -> Ret. Wall | G8: =IF($B8="","",IFERROR(INDEX(Drain_Register!$B$5:$B$304,MATCH($B8,Drain_Register!$A$5:$A$304,0)),IFERROR(INDEX(RW_Register!$B$5:$B$304,MATCH($B8,RW_Register!$A$5:$A$304,0)),IFERROR(INDEX(Other_Register!$B$5:$B$304,MATCH($B8,Other_Register!$A$5:$A$304,0)),"ID not found - check spelling")))) -> Cantilever RC, H = 3.0 m, q = 10 kPa | H8: =IF($B8="","",IFERROR(INDEX(Drain_Register!$R$5:$R$304,MATCH($B8,Drain_Register!$A$5:$A$304,0)),IFERROR(INDEX(RW_Register!$X$5:$X$304,MATCH($B8,RW_Register!$A$5:$A$304,0)),IFERROR(INDEX(Other_Register!$M$5:$M$304,MATCH($B8,Other_Register!$A$5:$A$304,0)),"")))) -> A | I8: =IF($B8="","",IFERROR(INDEX(Drain_Register!$S$5:$S$304,MATCH($B8,Drain_Register!$A$5:$A$304,0)),IFERROR(INDEX(RW_Register!$Y$5:$Y$304,MATCH($B8,RW_Register!$A$5:$A$304,0)),IFERROR(INDEX(Other_Register!$N$5:$N$304,MATCH($B8,Other_Register!$A$5:$A$304,0)),"")))) -> Approved | J8: =IF($B8="","",IFERROR(INDEX(Drain_Register!$T$5:$T$304,MATCH($B8,Drain_Register!$A$5:$A$304,0)),IFERROR(INDEX(RW_Register!$Z$5:$Z$304,MATCH($B8,RW_Register!$A$5:$A$304,0)),IFERROR(INDEX(Other_Register!$O$5:$O$304,MATCH($B8,Other_Register!$A$5:$A$304,0)),"")))) -> STD-RW-005 | K8: =IF($B8="","",IFERROR(INDEX(Drain_Register!$U$5:$U$304,MATCH($B8,Drain_Register!$A$5:$A$304,0)),IFERROR(INDEX(RW_Register!$AA$5:$AA$304,MATCH($B8,RW_Register!$A$5:$A$304,0)),IFERROR(INDEX(Other_Register!$P$5:$P$304,MATCH($B8,Other_Register!$A$5:$A$304,0)),"")))) -> RetainingWall/RW-CANT-H3000-S10-A.dwg | L8: =IF(OR($B8="",$D8=""),"",$D8*IFERROR(INDEX(Drain_Register!$X$5:$X$304,MATCH($B8,Drain_Register!$A$5:$A$304,0)),IFERROR(INDEX(RW_Register!$AD$5:$AD$304,MATCH($B8,RW_Register!$A$5:$A$304,0)),IFERROR(INDEX(Other_Register!$T$5:$T$304,MATCH($B8,Other_Register!$A$5:$A$304,0)),0)))) -> 87.36 | M8: =IF(OR($B8="",$D8=""),"",$D8*IFERROR(INDEX(Drain_Register!$Y$5:$Y$304,MATCH($B8,Drain_Register!$A$5:$A$304,0)),IFERROR(INDEX(RW_Register!$AE$5:$AE$304,MATCH($B8,RW_Register!$A$5:$A$304,0)),IFERROR(INDEX(Other_Register!$U$5:$U$304,MATCH($B8,Other_Register!$A$5:$A$304,0)),0)))/1000) -> 6.72 | N8: =IF(OR($B8="",$D8=""),"",$D8*IFERROR(INDEX(Drain_Register!$Z$5:$Z$304,MATCH($B8,Drain_Register!$A$5:$A$304,0)),IFERROR(INDEX(RW_Register!$AF$5:$AF$304,MATCH($B8,RW_Register!$A$5:$A$304,0)),IFERROR(INDEX(Other_Register!$V$5:$V$304,MATCH($B8,Other_Register!$A$5:$A$304,0)),0)))) -> 289.8 | O8: =IF(OR($B8="",$D8=""),"",$D8*IFERROR(INDEX(Drain_Register!$AA$5:$AA$304,MATCH($B8,Drain_Register!$A$5:$A$304,0)),IFERROR(INDEX(RW_Register!$AG$5:$AG$304,MATCH($B8,RW_Register!$A$5:$A$304,0)),IFERROR(INDEX(Other_Register!$W$5:$W$304,MATCH($B8,Other_Register!$A$5:$A$304,0)),0)))) -> 226.8 | P8: =IF($B8="","",IF(F8="","ID not found",IF(I8<>"Approved","WARNING: status is "&I8,IF(D8="","Enter length / qty","OK")))) -> OK
A9: 4 | B9: LKW-SINGLESPAN-SP6000-H3000-A | C9: Linkway to bus stop | D9: 8 | E9: =IF($B9="","",IF(F9="Others",IFERROR(INDEX(Other_Register!$S$5:$S$304,MATCH($B9,Other_Register!$A$5:$A$304,0)),""),IF(F9="", "","m"))) -> span | F9: =IF($B9="","",IF(ISNUMBER(MATCH($B9,Drain_Register!$A$5:$A$304,0)),"Drain",IF(ISNUMBER(MATCH($B9,RW_Register!$A$5:$A$304,0)),"Ret. Wall",IF(ISNUMBER(MATCH($B9,Other_Register!$A$5:$A$304,0)),"Others","")))) -> Others | G9: =IF($B9="","",IFERROR(INDEX(Drain_Register!$B$5:$B$304,MATCH($B9,Drain_Register!$A$5:$A$304,0)),IFERROR(INDEX(RW_Register!$B$5:$B$304,MATCH($B9,RW_Register!$A$5:$A$304,0)),IFERROR(INDEX(Other_Register!$B$5:$B$304,MATCH($B9,Other_Register!$A$5:$A$304,0)),"ID not found - check spelling")))) -> LTA Linkway - Single Span, span 6 m, H 3 m, W 2.4 m | H9: =IF($B9="","",IFERROR(INDEX(Drain_Register!$R$5:$R$304,MATCH($B9,Drain_Register!$A$5:$A$304,0)),IFERROR(INDEX(RW_Register!$X$5:$X$304,MATCH($B9,RW_Register!$A$5:$A$304,0)),IFERROR(INDEX(Other_Register!$M$5:$M$304,MATCH($B9,Other_Register!$A$5:$A$304,0)),"")))) -> A | I9: =IF($B9="","",IFERROR(INDEX(Drain_Register!$S$5:$S$304,MATCH($B9,Drain_Register!$A$5:$A$304,0)),IFERROR(INDEX(RW_Register!$Y$5:$Y$304,MATCH($B9,RW_Register!$A$5:$A$304,0)),IFERROR(INDEX(Other_Register!$N$5:$N$304,MATCH($B9,Other_Register!$A$5:$A$304,0)),"")))) -> Approved | J9: =IF($B9="","",IFERROR(INDEX(Drain_Register!$T$5:$T$304,MATCH($B9,Drain_Register!$A$5:$A$304,0)),IFERROR(INDEX(RW_Register!$Z$5:$Z$304,MATCH($B9,RW_Register!$A$5:$A$304,0)),IFERROR(INDEX(Other_Register!$O$5:$O$304,MATCH($B9,Other_Register!$A$5:$A$304,0)),"")))) -> STD-LKW-001 | K9: =IF($B9="","",IFERROR(INDEX(Drain_Register!$U$5:$U$304,MATCH($B9,Drain_Register!$A$5:$A$304,0)),IFERROR(INDEX(RW_Register!$AA$5:$AA$304,MATCH($B9,RW_Register!$A$5:$A$304,0)),IFERROR(INDEX(Other_Register!$P$5:$P$304,MATCH($B9,Other_Register!$A$5:$A$304,0)),"")))) -> Others/LKW-SINGLESPAN-SP6000-H3000-A.dwg | L9: =IF(OR($B9="",$D9=""),"",$D9*IFERROR(INDEX(Drain_Register!$X$5:$X$304,MATCH($B9,Drain_Register!$A$5:$A$304,0)),IFERROR(INDEX(RW_Register!$AD$5:$AD$304,MATCH($B9,RW_Register!$A$5:$A$304,0)),IFERROR(INDEX(Other_Register!$T$5:$T$304,MATCH($B9,Other_Register!$A$5:$A$304,0)),0)))) -> 9.6 | M9: =IF(OR($B9="",$D9=""),"",$D9*IFERROR(INDEX(Drain_Register!$Y$5:$Y$304,MATCH($B9,Drain_Register!$A$5:$A$304,0)),IFERROR(INDEX(RW_Register!$AE$5:$AE$304,MATCH($B9,RW_Register!$A$5:$A$304,0)),IFERROR(INDEX(Other_Register!$U$5:$U$304,MATCH($B9,Other_Register!$A$5:$A$304,0)),0)))/1000) -> 7.6 | N9: =IF(OR($B9="",$D9=""),"",$D9*IFERROR(INDEX(Drain_Register!$Z$5:$Z$304,MATCH($B9,Drain_Register!$A$5:$A$304,0)),IFERROR(INDEX(RW_Register!$AF$5:$AF$304,MATCH($B9,RW_Register!$A$5:$A$304,0)),IFERROR(INDEX(Other_Register!$V$5:$V$304,MATCH($B9,Other_Register!$A$5:$A$304,0)),0)))) -> 38.4 | O9: =IF(OR($B9="",$D9=""),"",$D9*IFERROR(INDEX(Drain_Register!$AA$5:$AA$304,MATCH($B9,Drain_Register!$A$5:$A$304,0)),IFERROR(INDEX(RW_Register!$AG$5:$AG$304,MATCH($B9,RW_Register!$A$5:$A$304,0)),IFERROR(INDEX(Other_Register!$W$5:$W$304,MATCH($B9,Other_Register!$A$5:$A$304,0)),0)))) -> 20 | P9: =IF($B9="","",IF(F9="","ID not found",IF(I9<>"Approved","WARNING: status is "&I9,IF(D9="","Enter length / qty","OK")))) -> OK
A10: 5 | B10: DRN-UD-1200x1500-HVY-A | C10: Fire engine access crossing | D10: 12 | E10: =IF($B10="","",IF(F10="Others",IFERROR(INDEX(Other_Register!$S$5:$S$304,MATCH($B10,Other_Register!$A$5:$A$304,0)),""),IF(F10="", "","m"))) -> m | F10: =IF($B10="","",IF(ISNUMBER(MATCH($B10,Drain_Register!$A$5:$A$304,0)),"Drain",IF(ISNUMBER(MATCH($B10,RW_Register!$A$5:$A$304,0)),"Ret. Wall",IF(ISNUMBER(MATCH($B10,Other_Register!$A$5:$A$304,0)),"Others","")))) -> Drain | G10: =IF($B10="","",IFERROR(INDEX(Drain_Register!$B$5:$B$304,MATCH($B10,Drain_Register!$A$5:$A$304,0)),IFERROR(INDEX(RW_Register!$B$5:$B$304,MATCH($B10,RW_Register!$A$5:$A$304,0)),IFERROR(INDEX(Other_Register!$B$5:$B$304,MATCH($B10,Other_Register!$A$5:$A$304,0)),"ID not found - check spelling")))) -> U-Drain 1200W x 1500D, Heavy Vehicle / Fire Engine, Cast-in-situ | H10: =IF($B10="","",IFERROR(INDEX(Drain_Register!$R$5:$R$304,MATCH($B10,Drain_Register!$A$5:$A$304,0)),IFERROR(INDEX(RW_Register!$X$5:$X$304,MATCH($B10,RW_Register!$A$5:$A$304,0)),IFERROR(INDEX(Other_Register!$M$5:$M$304,MATCH($B10,Other_Register!$A$5:$A$304,0)),"")))) -> A | I10: =IF($B10="","",IFERROR(INDEX(Drain_Register!$S$5:$S$304,MATCH($B10,Drain_Register!$A$5:$A$304,0)),IFERROR(INDEX(RW_Register!$Y$5:$Y$304,MATCH($B10,RW_Register!$A$5:$A$304,0)),IFERROR(INDEX(Other_Register!$N$5:$N$304,MATCH($B10,Other_Register!$A$5:$A$304,0)),"")))) -> Checked | J10: =IF($B10="","",IFERROR(INDEX(Drain_Register!$T$5:$T$304,MATCH($B10,Drain_Register!$A$5:$A$304,0)),IFERROR(INDEX(RW_Register!$Z$5:$Z$304,MATCH($B10,RW_Register!$A$5:$A$304,0)),IFERROR(INDEX(Other_Register!$O$5:$O$304,MATCH($B10,Other_Register!$A$5:$A$304,0)),"")))) -> STD-DRN-005 | K10: =IF($B10="","",IFERROR(INDEX(Drain_Register!$U$5:$U$304,MATCH($B10,Drain_Register!$A$5:$A$304,0)),IFERROR(INDEX(RW_Register!$AA$5:$AA$304,MATCH($B10,RW_Register!$A$5:$A$304,0)),IFERROR(INDEX(Other_Register!$P$5:$P$304,MATCH($B10,Other_Register!$A$5:$A$304,0)),"")))) -> Drainage/DRN-UD-1200x1500-HVY-A.dwg | L10: =IF(OR($B10="",$D10=""),"",$D10*IFERROR(INDEX(Drain_Register!$X$5:$X$304,MATCH($B10,Drain_Register!$A$5:$A$304,0)),IFERROR(INDEX(RW_Register!$AD$5:$AD$304,MATCH($B10,RW_Register!$A$5:$A$304,0)),IFERROR(INDEX(Other_Register!$T$5:$T$304,MATCH($B10,Other_Register!$A$5:$A$304,0)),0)))) -> 17.7 | M10: =IF(OR($B10="",$D10=""),"",$D10*IFERROR(INDEX(Drain_Register!$Y$5:$Y$304,MATCH($B10,Drain_Register!$A$5:$A$304,0)),IFERROR(INDEX(RW_Register!$AE$5:$AE$304,MATCH($B10,RW_Register!$A$5:$A$304,0)),IFERROR(INDEX(Other_Register!$U$5:$U$304,MATCH($B10,Other_Register!$A$5:$A$304,0)),0)))/1000) -> 1.98 | N10: =IF(OR($B10="",$D10=""),"",$D10*IFERROR(INDEX(Drain_Register!$Z$5:$Z$304,MATCH($B10,Drain_Register!$A$5:$A$304,0)),IFERROR(INDEX(RW_Register!$AF$5:$AF$304,MATCH($B10,RW_Register!$A$5:$A$304,0)),IFERROR(INDEX(Other_Register!$V$5:$V$304,MATCH($B10,Other_Register!$A$5:$A$304,0)),0)))) -> 78 | O10: =IF(OR($B10="",$D10=""),"",$D10*IFERROR(INDEX(Drain_Register!$AA$5:$AA$304,MATCH($B10,Drain_Register!$A$5:$A$304,0)),IFERROR(INDEX(RW_Register!$AG$5:$AG$304,MATCH($B10,RW_Register!$A$5:$A$304,0)),IFERROR(INDEX(Other_Register!$W$5:$W$304,MATCH($B10,Other_Register!$A$5:$A$304,0)),0)))) -> 61.2 | P10: =IF($B10="","",IF(F10="","ID not found",IF(I10<>"Approved","WARNING: status is "&I10,IF(D10="","Enter length / qty","OK")))) -> WARNING: status is Checked
E11: =IF($B11="","",IF(F11="Others",IFERROR(INDEX(Other_Register!$S$5:$S$304,MATCH($B11,Other_Register!$A$5:$A$304,0)),""),IF(F11="", "","m"))) | F11: =IF($B11="","",IF(ISNUMBER(MATCH($B11,Drain_Register!$A$5:$A$304,0)),"Drain",IF(ISNUMBER(MATCH($B11,RW_Register!$A$5:$A$304,0)),"Ret. Wall",IF(ISNUMBER(MATCH($B11,Other_Register!$A$5:$A$304,0)),"Others","")))) | G11: =IF($B11="","",IFERROR(INDEX(Drain_Register!$B$5:$B$304,MATCH($B11,Drain_Register!$A$5:$A$304,0)),IFERROR(INDEX(RW_Register!$B$5:$B$304,MATCH($B11,RW_Register!$A$5:$A$304,0)),IFERROR(INDEX(Other_Register!$B$5:$B$304,MATCH($B11,Other_Register!$A$5:$A$304,0)),"ID not found - check spelling")))) | H11: =IF($B11="","",IFERROR(INDEX(Drain_Register!$R$5:$R$304,MATCH($B11,Drain_Register!$A$5:$A$304,0)),IFERROR(INDEX(RW_Register!$X$5:$X$304,MATCH($B11,RW_Register!$A$5:$A$304,0)),IFERROR(INDEX(Other_Register!$M$5:$M$304,MATCH($B11,Other_Register!$A$5:$A$304,0)),"")))) | I11: =IF($B11="","",IFERROR(INDEX(Drain_Register!$S$5:$S$304,MATCH($B11,Drain_Register!$A$5:$A$304,0)),IFERROR(INDEX(RW_Register!$Y$5:$Y$304,MATCH($B11,RW_Register!$A$5:$A$304,0)),IFERROR(INDEX(Other_Register!$N$5:$N$304,MATCH($B11,Other_Register!$A$5:$A$304,0)),"")))) | J11: =IF($B11="","",IFERROR(INDEX(Drain_Register!$T$5:$T$304,MATCH($B11,Drain_Register!$A$5:$A$304,0)),IFERROR(INDEX(RW_Register!$Z$5:$Z$304,MATCH($B11,RW_Register!$A$5:$A$304,0)),IFERROR(INDEX(Other_Register!$O$5:$O$304,MATCH($B11,Other_Register!$A$5:$A$304,0)),"")))) | K11: =IF($B11="","",IFERROR(INDEX(Drain_Register!$U$5:$U$304,MATCH($B11,Drain_Register!$A$5:$A$304,0)),IFERROR(INDEX(RW_Register!$AA$5:$AA$304,MATCH($B11,RW_Register!$A$5:$A$304,0)),IFERROR(INDEX(Other_Register!$P$5:$P$304,MATCH($B11,Other_Register!$A$5:$A$304,0)),"")))) | L11: =IF(OR($B11="",$D11=""),"",$D11*IFERROR(INDEX(Drain_Register!$X$5:$X$304,MATCH($B11,Drain_Register!$A$5:$A$304,0)),IFERROR(INDEX(RW_Register!$AD$5:$AD$304,MATCH($B11,RW_Register!$A$5:$A$304,0)),IFERROR(INDEX(Other_Register!$T$5:$T$304,MATCH($B11,Other_Register!$A$5:$A$304,0)),0)))) | M11: =IF(OR($B11="",$D11=""),"",$D11*IFERROR(INDEX(Drain_Register!$Y$5:$Y$304,MATCH($B11,Drain_Register!$A$5:$A$304,0)),IFERROR(INDEX(RW_Register!$AE$5:$AE$304,MATCH($B11,RW_Register!$A$5:$A$304,0)),IFERROR(INDEX(Other_Register!$U$5:$U$304,MATCH($B11,Other_Register!$A$5:$A$304,0)),0)))/1000) | N11: =IF(OR($B11="",$D11=""),"",$D11*IFERROR(INDEX(Drain_Register!$Z$5:$Z$304,MATCH($B11,Drain_Register!$A$5:$A$304,0)),IFERROR(INDEX(RW_Register!$AF$5:$AF$304,MATCH($B11,RW_Register!$A$5:$A$304,0)),IFERROR(INDEX(Other_Register!$V$5:$V$304,MATCH($B11,Other_Register!$A$5:$A$304,0)),0)))) | O11: =IF(OR($B11="",$D11=""),"",$D11*IFERROR(INDEX(Drain_Register!$AA$5:$AA$304,MATCH($B11,Drain_Register!$A$5:$A$304,0)),IFERROR(INDEX(RW_Register!$AG$5:$AG$304,MATCH($B11,RW_Register!$A$5:$A$304,0)),IFERROR(INDEX(Other_Register!$W$5:$W$304,MATCH($B11,Other_Register!$A$5:$A$304,0)),0)))) | P11: =IF($B11="","",IF(F11="","ID not found",IF(I11<>"Approved","WARNING: status is "&I11,IF(D11="","Enter length / qty","OK"))))
E12: =IF($B12="","",IF(F12="Others",IFERROR(INDEX(Other_Register!$S$5:$S$304,MATCH($B12,Other_Register!$A$5:$A$304,0)),""),IF(F12="", "","m"))) | F12: =IF($B12="","",IF(ISNUMBER(MATCH($B12,Drain_Register!$A$5:$A$304,0)),"Drain",IF(ISNUMBER(MATCH($B12,RW_Register!$A$5:$A$304,0)),"Ret. Wall",IF(ISNUMBER(MATCH($B12,Other_Register!$A$5:$A$304,0)),"Others","")))) | G12: =IF($B12="","",IFERROR(INDEX(Drain_Register!$B$5:$B$304,MATCH($B12,Drain_Register!$A$5:$A$304,0)),IFERROR(INDEX(RW_Register!$B$5:$B$304,MATCH($B12,RW_Register!$A$5:$A$304,0)),IFERROR(INDEX(Other_Register!$B$5:$B$304,MATCH($B12,Other_Register!$A$5:$A$304,0)),"ID not found - check spelling")))) | H12: =IF($B12="","",IFERROR(INDEX(Drain_Register!$R$5:$R$304,MATCH($B12,Drain_Register!$A$5:$A$304,0)),IFERROR(INDEX(RW_Register!$X$5:$X$304,MATCH($B12,RW_Register!$A$5:$A$304,0)),IFERROR(INDEX(Other_Register!$M$5:$M$304,MATCH($B12,Other_Register!$A$5:$A$304,0)),"")))) | I12: =IF($B12="","",IFERROR(INDEX(Drain_Register!$S$5:$S$304,MATCH($B12,Drain_Register!$A$5:$A$304,0)),IFERROR(INDEX(RW_Register!$Y$5:$Y$304,MATCH($B12,RW_Register!$A$5:$A$304,0)),IFERROR(INDEX(Other_Register!$N$5:$N$304,MATCH($B12,Other_Register!$A$5:$A$304,0)),"")))) | J12: =IF($B12="","",IFERROR(INDEX(Drain_Register!$T$5:$T$304,MATCH($B12,Drain_Register!$A$5:$A$304,0)),IFERROR(INDEX(RW_Register!$Z$5:$Z$304,MATCH($B12,RW_Register!$A$5:$A$304,0)),IFERROR(INDEX(Other_Register!$O$5:$O$304,MATCH($B12,Other_Register!$A$5:$A$304,0)),"")))) | K12: =IF($B12="","",IFERROR(INDEX(Drain_Register!$U$5:$U$304,MATCH($B12,Drain_Register!$A$5:$A$304,0)),IFERROR(INDEX(RW_Register!$AA$5:$AA$304,MATCH($B12,RW_Register!$A$5:$A$304,0)),IFERROR(INDEX(Other_Register!$P$5:$P$304,MATCH($B12,Other_Register!$A$5:$A$304,0)),"")))) | L12: =IF(OR($B12="",$D12=""),"",$D12*IFERROR(INDEX(Drain_Register!$X$5:$X$304,MATCH($B12,Drain_Register!$A$5:$A$304,0)),IFERROR(INDEX(RW_Register!$AD$5:$AD$304,MATCH($B12,RW_Register!$A$5:$A$304,0)),IFERROR(INDEX(Other_Register!$T$5:$T$304,MATCH($B12,Other_Register!$A$5:$A$304,0)),0)))) | M12: =IF(OR($B12="",$D12=""),"",$D12*IFERROR(INDEX(Drain_Register!$Y$5:$Y$304,MATCH($B12,Drain_Register!$A$5:$A$304,0)),IFERROR(INDEX(RW_Register!$AE$5:$AE$304,MATCH($B12,RW_Register!$A$5:$A$304,0)),IFERROR(INDEX(Other_Register!$U$5:$U$304,MATCH($B12,Other_Register!$A$5:$A$304,0)),0)))/1000) | N12: =IF(OR($B12="",$D12=""),"",$D12*IFERROR(INDEX(Drain_Register!$Z$5:$Z$304,MATCH($B12,Drain_Register!$A$5:$A$304,0)),IFERROR(INDEX(RW_Register!$AF$5:$AF$304,MATCH($B12,RW_Register!$A$5:$A$304,0)),IFERROR(INDEX(Other_Register!$V$5:$V$304,MATCH($B12,Other_Register!$A$5:$A$304,0)),0)))) | O12: =IF(OR($B12="",$D12=""),"",$D12*IFERROR(INDEX(Drain_Register!$AA$5:$AA$304,MATCH($B12,Drain_Register!$A$5:$A$304,0)),IFERROR(INDEX(RW_Register!$AG$5:$AG$304,MATCH($B12,RW_Register!$A$5:$A$304,0)),IFERROR(INDEX(Other_Register!$W$5:$W$304,MATCH($B12,Other_Register!$A$5:$A$304,0)),0)))) | P12: =IF($B12="","",IF(F12="","ID not found",IF(I12<>"Approved","WARNING: status is "&I12,IF(D12="","Enter length / qty","OK"))))
E13: =IF($B13="","",IF(F13="Others",IFERROR(INDEX(Other_Register!$S$5:$S$304,MATCH($B13,Other_Register!$A$5:$A$304,0)),""),IF(F13="", "","m"))) | F13: =IF($B13="","",IF(ISNUMBER(MATCH($B13,Drain_Register!$A$5:$A$304,0)),"Drain",IF(ISNUMBER(MATCH($B13,RW_Register!$A$5:$A$304,0)),"Ret. Wall",IF(ISNUMBER(MATCH($B13,Other_Register!$A$5:$A$304,0)),"Others","")))) | G13: =IF($B13="","",IFERROR(INDEX(Drain_Register!$B$5:$B$304,MATCH($B13,Drain_Register!$A$5:$A$304,0)),IFERROR(INDEX(RW_Register!$B$5:$B$304,MATCH($B13,RW_Register!$A$5:$A$304,0)),IFERROR(INDEX(Other_Register!$B$5:$B$304,MATCH($B13,Other_Register!$A$5:$A$304,0)),"ID not found - check spelling")))) | H13: =IF($B13="","",IFERROR(INDEX(Drain_Register!$R$5:$R$304,MATCH($B13,Drain_Register!$A$5:$A$304,0)),IFERROR(INDEX(RW_Register!$X$5:$X$304,MATCH($B13,RW_Register!$A$5:$A$304,0)),IFERROR(INDEX(Other_Register!$M$5:$M$304,MATCH($B13,Other_Register!$A$5:$A$304,0)),"")))) | I13: =IF($B13="","",IFERROR(INDEX(Drain_Register!$S$5:$S$304,MATCH($B13,Drain_Register!$A$5:$A$304,0)),IFERROR(INDEX(RW_Register!$Y$5:$Y$304,MATCH($B13,RW_Register!$A$5:$A$304,0)),IFERROR(INDEX(Other_Register!$N$5:$N$304,MATCH($B13,Other_Register!$A$5:$A$304,0)),"")))) | J13: =IF($B13="","",IFERROR(INDEX(Drain_Register!$T$5:$T$304,MATCH($B13,Drain_Register!$A$5:$A$304,0)),IFERROR(INDEX(RW_Register!$Z$5:$Z$304,MATCH($B13,RW_Register!$A$5:$A$304,0)),IFERROR(INDEX(Other_Register!$O$5:$O$304,MATCH($B13,Other_Register!$A$5:$A$304,0)),"")))) | K13: =IF($B13="","",IFERROR(INDEX(Drain_Register!$U$5:$U$304,MATCH($B13,Drain_Register!$A$5:$A$304,0)),IFERROR(INDEX(RW_Register!$AA$5:$AA$304,MATCH($B13,RW_Register!$A$5:$A$304,0)),IFERROR(INDEX(Other_Register!$P$5:$P$304,MATCH($B13,Other_Register!$A$5:$A$304,0)),"")))) | L13: =IF(OR($B13="",$D13=""),"",$D13*IFERROR(INDEX(Drain_Register!$X$5:$X$304,MATCH($B13,Drain_Register!$A$5:$A$304,0)),IFERROR(INDEX(RW_Register!$AD$5:$AD$304,MATCH($B13,RW_Register!$A$5:$A$304,0)),IFERROR(INDEX(Other_Register!$T$5:$T$304,MATCH($B13,Other_Register!$A$5:$A$304,0)),0)))) | M13: =IF(OR($B13="",$D13=""),"",$D13*IFERROR(INDEX(Drain_Register!$Y$5:$Y$304,MATCH($B13,Drain_Register!$A$5:$A$304,0)),IFERROR(INDEX(RW_Register!$AE$5:$AE$304,MATCH($B13,RW_Register!$A$5:$A$304,0)),IFERROR(INDEX(Other_Register!$U$5:$U$304,MATCH($B13,Other_Register!$A$5:$A$304,0)),0)))/1000) | N13: =IF(OR($B13="",$D13=""),"",$D13*IFERROR(INDEX(Drain_Register!$Z$5:$Z$304,MATCH($B13,Drain_Register!$A$5:$A$304,0)),IFERROR(INDEX(RW_Register!$AF$5:$AF$304,MATCH($B13,RW_Register!$A$5:$A$304,0)),IFERROR(INDEX(Other_Register!$V$5:$V$304,MATCH($B13,Other_Register!$A$5:$A$304,0)),0)))) | O13: =IF(OR($B13="",$D13=""),"",$D13*IFERROR(INDEX(Drain_Register!$AA$5:$AA$304,MATCH($B13,Drain_Register!$A$5:$A$304,0)),IFERROR(INDEX(RW_Register!$AG$5:$AG$304,MATCH($B13,RW_Register!$A$5:$A$304,0)),IFERROR(INDEX(Other_Register!$W$5:$W$304,MATCH($B13,Other_Register!$A$5:$A$304,0)),0)))) | P13: =IF($B13="","",IF(F13="","ID not found",IF(I13<>"Approved","WARNING: status is "&I13,IF(D13="","Enter length / qty","OK"))))
E14: =IF($B14="","",IF(F14="Others",IFERROR(INDEX(Other_Register!$S$5:$S$304,MATCH($B14,Other_Register!$A$5:$A$304,0)),""),IF(F14="", "","m"))) | F14: =IF($B14="","",IF(ISNUMBER(MATCH($B14,Drain_Register!$A$5:$A$304,0)),"Drain",IF(ISNUMBER(MATCH($B14,RW_Register!$A$5:$A$304,0)),"Ret. Wall",IF(ISNUMBER(MATCH($B14,Other_Register!$A$5:$A$304,0)),"Others","")))) | G14: =IF($B14="","",IFERROR(INDEX(Drain_Register!$B$5:$B$304,MATCH($B14,Drain_Register!$A$5:$A$304,0)),IFERROR(INDEX(RW_Register!$B$5:$B$304,MATCH($B14,RW_Register!$A$5:$A$304,0)),IFERROR(INDEX(Other_Register!$B$5:$B$304,MATCH($B14,Other_Register!$A$5:$A$304,0)),"ID not found - check spelling")))) | H14: =IF($B14="","",IFERROR(INDEX(Drain_Register!$R$5:$R$304,MATCH($B14,Drain_Register!$A$5:$A$304,0)),IFERROR(INDEX(RW_Register!$X$5:$X$304,MATCH($B14,RW_Register!$A$5:$A$304,0)),IFERROR(INDEX(Other_Register!$M$5:$M$304,MATCH($B14,Other_Register!$A$5:$A$304,0)),"")))) | I14: =IF($B14="","",IFERROR(INDEX(Drain_Register!$S$5:$S$304,MATCH($B14,Drain_Register!$A$5:$A$304,0)),IFERROR(INDEX(RW_Register!$Y$5:$Y$304,MATCH($B14,RW_Register!$A$5:$A$304,0)),IFERROR(INDEX(Other_Register!$N$5:$N$304,MATCH($B14,Other_Register!$A$5:$A$304,0)),"")))) | J14: =IF($B14="","",IFERROR(INDEX(Drain_Register!$T$5:$T$304,MATCH($B14,Drain_Register!$A$5:$A$304,0)),IFERROR(INDEX(RW_Register!$Z$5:$Z$304,MATCH($B14,RW_Register!$A$5:$A$304,0)),IFERROR(INDEX(Other_Register!$O$5:$O$304,MATCH($B14,Other_Register!$A$5:$A$304,0)),"")))) | K14: =IF($B14="","",IFERROR(INDEX(Drain_Register!$U$5:$U$304,MATCH($B14,Drain_Register!$A$5:$A$304,0)),IFERROR(INDEX(RW_Register!$AA$5:$AA$304,MATCH($B14,RW_Register!$A$5:$A$304,0)),IFERROR(INDEX(Other_Register!$P$5:$P$304,MATCH($B14,Other_Register!$A$5:$A$304,0)),"")))) | L14: =IF(OR($B14="",$D14=""),"",$D14*IFERROR(INDEX(Drain_Register!$X$5:$X$304,MATCH($B14,Drain_Register!$A$5:$A$304,0)),IFERROR(INDEX(RW_Register!$AD$5:$AD$304,MATCH($B14,RW_Register!$A$5:$A$304,0)),IFERROR(INDEX(Other_Register!$T$5:$T$304,MATCH($B14,Other_Register!$A$5:$A$304,0)),0)))) | M14: =IF(OR($B14="",$D14=""),"",$D14*IFERROR(INDEX(Drain_Register!$Y$5:$Y$304,MATCH($B14,Drain_Register!$A$5:$A$304,0)),IFERROR(INDEX(RW_Register!$AE$5:$AE$304,MATCH($B14,RW_Register!$A$5:$A$304,0)),IFERROR(INDEX(Other_Register!$U$5:$U$304,MATCH($B14,Other_Register!$A$5:$A$304,0)),0)))/1000) | N14: =IF(OR($B14="",$D14=""),"",$D14*IFERROR(INDEX(Drain_Register!$Z$5:$Z$304,MATCH($B14,Drain_Register!$A$5:$A$304,0)),IFERROR(INDEX(RW_Register!$AF$5:$AF$304,MATCH($B14,RW_Register!$A$5:$A$304,0)),IFERROR(INDEX(Other_Register!$V$5:$V$304,MATCH($B14,Other_Register!$A$5:$A$304,0)),0)))) | O14: =IF(OR($B14="",$D14=""),"",$D14*IFERROR(INDEX(Drain_Register!$AA$5:$AA$304,MATCH($B14,Drain_Register!$A$5:$A$304,0)),IFERROR(INDEX(RW_Register!$AG$5:$AG$304,MATCH($B14,RW_Register!$A$5:$A$304,0)),IFERROR(INDEX(Other_Register!$W$5:$W$304,MATCH($B14,Other_Register!$A$5:$A$304,0)),0)))) | P14: =IF($B14="","",IF(F14="","ID not found",IF(I14<>"Approved","WARNING: status is "&I14,IF(D14="","Enter length / qty","OK"))))
E15: =IF($B15="","",IF(F15="Others",IFERROR(INDEX(Other_Register!$S$5:$S$304,MATCH($B15,Other_Register!$A$5:$A$304,0)),""),IF(F15="", "","m"))) | F15: =IF($B15="","",IF(ISNUMBER(MATCH($B15,Drain_Register!$A$5:$A$304,0)),"Drain",IF(ISNUMBER(MATCH($B15,RW_Register!$A$5:$A$304,0)),"Ret. Wall",IF(ISNUMBER(MATCH($B15,Other_Register!$A$5:$A$304,0)),"Others","")))) | G15: =IF($B15="","",IFERROR(INDEX(Drain_Register!$B$5:$B$304,MATCH($B15,Drain_Register!$A$5:$A$304,0)),IFERROR(INDEX(RW_Register!$B$5:$B$304,MATCH($B15,RW_Register!$A$5:$A$304,0)),IFERROR(INDEX(Other_Register!$B$5:$B$304,MATCH($B15,Other_Register!$A$5:$A$304,0)),"ID not found - check spelling")))) | H15: =IF($B15="","",IFERROR(INDEX(Drain_Register!$R$5:$R$304,MATCH($B15,Drain_Register!$A$5:$A$304,0)),IFERROR(INDEX(RW_Register!$X$5:$X$304,MATCH($B15,RW_Register!$A$5:$A$304,0)),IFERROR(INDEX(Other_Register!$M$5:$M$304,MATCH($B15,Other_Register!$A$5:$A$304,0)),"")))) | I15: =IF($B15="","",IFERROR(INDEX(Drain_Register!$S$5:$S$304,MATCH($B15,Drain_Register!$A$5:$A$304,0)),IFERROR(INDEX(RW_Register!$Y$5:$Y$304,MATCH($B15,RW_Register!$A$5:$A$304,0)),IFERROR(INDEX(Other_Register!$N$5:$N$304,MATCH($B15,Other_Register!$A$5:$A$304,0)),"")))) | J15: =IF($B15="","",IFERROR(INDEX(Drain_Register!$T$5:$T$304,MATCH($B15,Drain_Register!$A$5:$A$304,0)),IFERROR(INDEX(RW_Register!$Z$5:$Z$304,MATCH($B15,RW_Register!$A$5:$A$304,0)),IFERROR(INDEX(Other_Register!$O$5:$O$304,MATCH($B15,Other_Register!$A$5:$A$304,0)),"")))) | K15: =IF($B15="","",IFERROR(INDEX(Drain_Register!$U$5:$U$304,MATCH($B15,Drain_Register!$A$5:$A$304,0)),IFERROR(INDEX(RW_Register!$AA$5:$AA$304,MATCH($B15,RW_Register!$A$5:$A$304,0)),IFERROR(INDEX(Other_Register!$P$5:$P$304,MATCH($B15,Other_Register!$A$5:$A$304,0)),"")))) | L15: =IF(OR($B15="",$D15=""),"",$D15*IFERROR(INDEX(Drain_Register!$X$5:$X$304,MATCH($B15,Drain_Register!$A$5:$A$304,0)),IFERROR(INDEX(RW_Register!$AD$5:$AD$304,MATCH($B15,RW_Register!$A$5:$A$304,0)),IFERROR(INDEX(Other_Register!$T$5:$T$304,MATCH($B15,Other_Register!$A$5:$A$304,0)),0)))) | M15: =IF(OR($B15="",$D15=""),"",$D15*IFERROR(INDEX(Drain_Register!$Y$5:$Y$304,MATCH($B15,Drain_Register!$A$5:$A$304,0)),IFERROR(INDEX(RW_Register!$AE$5:$AE$304,MATCH($B15,RW_Register!$A$5:$A$304,0)),IFERROR(INDEX(Other_Register!$U$5:$U$304,MATCH($B15,Other_Register!$A$5:$A$304,0)),0)))/1000) | N15: =IF(OR($B15="",$D15=""),"",$D15*IFERROR(INDEX(Drain_Register!$Z$5:$Z$304,MATCH($B15,Drain_Register!$A$5:$A$304,0)),IFERROR(INDEX(RW_Register!$AF$5:$AF$304,MATCH($B15,RW_Register!$A$5:$A$304,0)),IFERROR(INDEX(Other_Register!$V$5:$V$304,MATCH($B15,Other_Register!$A$5:$A$304,0)),0)))) | O15: =IF(OR($B15="",$D15=""),"",$D15*IFERROR(INDEX(Drain_Register!$AA$5:$AA$304,MATCH($B15,Drain_Register!$A$5:$A$304,0)),IFERROR(INDEX(RW_Register!$AG$5:$AG$304,MATCH($B15,RW_Register!$A$5:$A$304,0)),IFERROR(INDEX(Other_Register!$W$5:$W$304,MATCH($B15,Other_Register!$A$5:$A$304,0)),0)))) | P15: =IF($B15="","",IF(F15="","ID not found",IF(I15<>"Approved","WARNING: status is "&I15,IF(D15="","Enter length / qty","OK"))))
E16: =IF($B16="","",IF(F16="Others",IFERROR(INDEX(Other_Register!$S$5:$S$304,MATCH($B16,Other_Register!$A$5:$A$304,0)),""),IF(F16="", "","m"))) | F16: =IF($B16="","",IF(ISNUMBER(MATCH($B16,Drain_Register!$A$5:$A$304,0)),"Drain",IF(ISNUMBER(MATCH($B16,RW_Register!$A$5:$A$304,0)),"Ret. Wall",IF(ISNUMBER(MATCH($B16,Other_Register!$A$5:$A$304,0)),"Others","")))) | G16: =IF($B16="","",IFERROR(INDEX(Drain_Register!$B$5:$B$304,MATCH($B16,Drain_Register!$A$5:$A$304,0)),IFERROR(INDEX(RW_Register!$B$5:$B$304,MATCH($B16,RW_Register!$A$5:$A$304,0)),IFERROR(INDEX(Other_Register!$B$5:$B$304,MATCH($B16,Other_Register!$A$5:$A$304,0)),"ID not found - check spelling")))) | H16: =IF($B16="","",IFERROR(INDEX(Drain_Register!$R$5:$R$304,MATCH($B16,Drain_Register!$A$5:$A$304,0)),IFERROR(INDEX(RW_Register!$X$5:$X$304,MATCH($B16,RW_Register!$A$5:$A$304,0)),IFERROR(INDEX(Other_Register!$M$5:$M$304,MATCH($B16,Other_Register!$A$5:$A$304,0)),"")))) | I16: =IF($B16="","",IFERROR(INDEX(Drain_Register!$S$5:$S$304,MATCH($B16,Drain_Register!$A$5:$A$304,0)),IFERROR(INDEX(RW_Register!$Y$5:$Y$304,MATCH($B16,RW_Register!$A$5:$A$304,0)),IFERROR(INDEX(Other_Register!$N$5:$N$304,MATCH($B16,Other_Register!$A$5:$A$304,0)),"")))) | J16: =IF($B16="","",IFERROR(INDEX(Drain_Register!$T$5:$T$304,MATCH($B16,Drain_Register!$A$5:$A$304,0)),IFERROR(INDEX(RW_Register!$Z$5:$Z$304,MATCH($B16,RW_Register!$A$5:$A$304,0)),IFERROR(INDEX(Other_Register!$O$5:$O$304,MATCH($B16,Other_Register!$A$5:$A$304,0)),"")))) | K16: =IF($B16="","",IFERROR(INDEX(Drain_Register!$U$5:$U$304,MATCH($B16,Drain_Register!$A$5:$A$304,0)),IFERROR(INDEX(RW_Register!$AA$5:$AA$304,MATCH($B16,RW_Register!$A$5:$A$304,0)),IFERROR(INDEX(Other_Register!$P$5:$P$304,MATCH($B16,Other_Register!$A$5:$A$304,0)),"")))) | L16: =IF(OR($B16="",$D16=""),"",$D16*IFERROR(INDEX(Drain_Register!$X$5:$X$304,MATCH($B16,Drain_Register!$A$5:$A$304,0)),IFERROR(INDEX(RW_Register!$AD$5:$AD$304,MATCH($B16,RW_Register!$A$5:$A$304,0)),IFERROR(INDEX(Other_Register!$T$5:$T$304,MATCH($B16,Other_Register!$A$5:$A$304,0)),0)))) | M16: =IF(OR($B16="",$D16=""),"",$D16*IFERROR(INDEX(Drain_Register!$Y$5:$Y$304,MATCH($B16,Drain_Register!$A$5:$A$304,0)),IFERROR(INDEX(RW_Register!$AE$5:$AE$304,MATCH($B16,RW_Register!$A$5:$A$304,0)),IFERROR(INDEX(Other_Register!$U$5:$U$304,MATCH($B16,Other_Register!$A$5:$A$304,0)),0)))/1000) | N16: =IF(OR($B16="",$D16=""),"",$D16*IFERROR(INDEX(Drain_Register!$Z$5:$Z$304,MATCH($B16,Drain_Register!$A$5:$A$304,0)),IFERROR(INDEX(RW_Register!$AF$5:$AF$304,MATCH($B16,RW_Register!$A$5:$A$304,0)),IFERROR(INDEX(Other_Register!$V$5:$V$304,MATCH($B16,Other_Register!$A$5:$A$304,0)),0)))) | O16: =IF(OR($B16="",$D16=""),"",$D16*IFERROR(INDEX(Drain_Register!$AA$5:$AA$304,MATCH($B16,Drain_Register!$A$5:$A$304,0)),IFERROR(INDEX(RW_Register!$AG$5:$AG$304,MATCH($B16,RW_Register!$A$5:$A$304,0)),IFERROR(INDEX(Other_Register!$W$5:$W$304,MATCH($B16,Other_Register!$A$5:$A$304,0)),0)))) | P16: =IF($B16="","",IF(F16="","ID not found",IF(I16<>"Approved","WARNING: status is "&I16,IF(D16="","Enter length / qty","OK"))))
E17: =IF($B17="","",IF(F17="Others",IFERROR(INDEX(Other_Register!$S$5:$S$304,MATCH($B17,Other_Register!$A$5:$A$304,0)),""),IF(F17="", "","m"))) | F17: =IF($B17="","",IF(ISNUMBER(MATCH($B17,Drain_Register!$A$5:$A$304,0)),"Drain",IF(ISNUMBER(MATCH($B17,RW_Register!$A$5:$A$304,0)),"Ret. Wall",IF(ISNUMBER(MATCH($B17,Other_Register!$A$5:$A$304,0)),"Others","")))) | G17: =IF($B17="","",IFERROR(INDEX(Drain_Register!$B$5:$B$304,MATCH($B17,Drain_Register!$A$5:$A$304,0)),IFERROR(INDEX(RW_Register!$B$5:$B$304,MATCH($B17,RW_Register!$A$5:$A$304,0)),IFERROR(INDEX(Other_Register!$B$5:$B$304,MATCH($B17,Other_Register!$A$5:$A$304,0)),"ID not found - check spelling")))) | H17: =IF($B17="","",IFERROR(INDEX(Drain_Register!$R$5:$R$304,MATCH($B17,Drain_Register!$A$5:$A$304,0)),IFERROR(INDEX(RW_Register!$X$5:$X$304,MATCH($B17,RW_Register!$A$5:$A$304,0)),IFERROR(INDEX(Other_Register!$M$5:$M$304,MATCH($B17,Other_Register!$A$5:$A$304,0)),"")))) | I17: =IF($B17="","",IFERROR(INDEX(Drain_Register!$S$5:$S$304,MATCH($B17,Drain_Register!$A$5:$A$304,0)),IFERROR(INDEX(RW_Register!$Y$5:$Y$304,MATCH($B17,RW_Register!$A$5:$A$304,0)),IFERROR(INDEX(Other_Register!$N$5:$N$304,MATCH($B17,Other_Register!$A$5:$A$304,0)),"")))) | J17: =IF($B17="","",IFERROR(INDEX(Drain_Register!$T$5:$T$304,MATCH($B17,Drain_Register!$A$5:$A$304,0)),IFERROR(INDEX(RW_Register!$Z$5:$Z$304,MATCH($B17,RW_Register!$A$5:$A$304,0)),IFERROR(INDEX(Other_Register!$O$5:$O$304,MATCH($B17,Other_Register!$A$5:$A$304,0)),"")))) | K17: =IF($B17="","",IFERROR(INDEX(Drain_Register!$U$5:$U$304,MATCH($B17,Drain_Register!$A$5:$A$304,0)),IFERROR(INDEX(RW_Register!$AA$5:$AA$304,MATCH($B17,RW_Register!$A$5:$A$304,0)),IFERROR(INDEX(Other_Register!$P$5:$P$304,MATCH($B17,Other_Register!$A$5:$A$304,0)),"")))) | L17: =IF(OR($B17="",$D17=""),"",$D17*IFERROR(INDEX(Drain_Register!$X$5:$X$304,MATCH($B17,Drain_Register!$A$5:$A$304,0)),IFERROR(INDEX(RW_Register!$AD$5:$AD$304,MATCH($B17,RW_Register!$A$5:$A$304,0)),IFERROR(INDEX(Other_Register!$T$5:$T$304,MATCH($B17,Other_Register!$A$5:$A$304,0)),0)))) | M17: =IF(OR($B17="",$D17=""),"",$D17*IFERROR(INDEX(Drain_Register!$Y$5:$Y$304,MATCH($B17,Drain_Register!$A$5:$A$304,0)),IFERROR(INDEX(RW_Register!$AE$5:$AE$304,MATCH($B17,RW_Register!$A$5:$A$304,0)),IFERROR(INDEX(Other_Register!$U$5:$U$304,MATCH($B17,Other_Register!$A$5:$A$304,0)),0)))/1000) | N17: =IF(OR($B17="",$D17=""),"",$D17*IFERROR(INDEX(Drain_Register!$Z$5:$Z$304,MATCH($B17,Drain_Register!$A$5:$A$304,0)),IFERROR(INDEX(RW_Register!$AF$5:$AF$304,MATCH($B17,RW_Register!$A$5:$A$304,0)),IFERROR(INDEX(Other_Register!$V$5:$V$304,MATCH($B17,Other_Register!$A$5:$A$304,0)),0)))) | O17: =IF(OR($B17="",$D17=""),"",$D17*IFERROR(INDEX(Drain_Register!$AA$5:$AA$304,MATCH($B17,Drain_Register!$A$5:$A$304,0)),IFERROR(INDEX(RW_Register!$AG$5:$AG$304,MATCH($B17,RW_Register!$A$5:$A$304,0)),IFERROR(INDEX(Other_Register!$W$5:$W$304,MATCH($B17,Other_Register!$A$5:$A$304,0)),0)))) | P17: =IF($B17="","",IF(F17="","ID not found",IF(I17<>"Approved","WARNING: status is "&I17,IF(D17="","Enter length / qty","OK"))))
E18: =IF($B18="","",IF(F18="Others",IFERROR(INDEX(Other_Register!$S$5:$S$304,MATCH($B18,Other_Register!$A$5:$A$304,0)),""),IF(F18="", "","m"))) | F18: =IF($B18="","",IF(ISNUMBER(MATCH($B18,Drain_Register!$A$5:$A$304,0)),"Drain",IF(ISNUMBER(MATCH($B18,RW_Register!$A$5:$A$304,0)),"Ret. Wall",IF(ISNUMBER(MATCH($B18,Other_Register!$A$5:$A$304,0)),"Others","")))) | G18: =IF($B18="","",IFERROR(INDEX(Drain_Register!$B$5:$B$304,MATCH($B18,Drain_Register!$A$5:$A$304,0)),IFERROR(INDEX(RW_Register!$B$5:$B$304,MATCH($B18,RW_Register!$A$5:$A$304,0)),IFERROR(INDEX(Other_Register!$B$5:$B$304,MATCH($B18,Other_Register!$A$5:$A$304,0)),"ID not found - check spelling")))) | H18: =IF($B18="","",IFERROR(INDEX(Drain_Register!$R$5:$R$304,MATCH($B18,Drain_Register!$A$5:$A$304,0)),IFERROR(INDEX(RW_Register!$X$5:$X$304,MATCH($B18,RW_Register!$A$5:$A$304,0)),IFERROR(INDEX(Other_Register!$M$5:$M$304,MATCH($B18,Other_Register!$A$5:$A$304,0)),"")))) | I18: =IF($B18="","",IFERROR(INDEX(Drain_Register!$S$5:$S$304,MATCH($B18,Drain_Register!$A$5:$A$304,0)),IFERROR(INDEX(RW_Register!$Y$5:$Y$304,MATCH($B18,RW_Register!$A$5:$A$304,0)),IFERROR(INDEX(Other_Register!$N$5:$N$304,MATCH($B18,Other_Register!$A$5:$A$304,0)),"")))) | J18: =IF($B18="","",IFERROR(INDEX(Drain_Register!$T$5:$T$304,MATCH($B18,Drain_Register!$A$5:$A$304,0)),IFERROR(INDEX(RW_Register!$Z$5:$Z$304,MATCH($B18,RW_Register!$A$5:$A$304,0)),IFERROR(INDEX(Other_Register!$O$5:$O$304,MATCH($B18,Other_Register!$A$5:$A$304,0)),"")))) | K18: =IF($B18="","",IFERROR(INDEX(Drain_Register!$U$5:$U$304,MATCH($B18,Drain_Register!$A$5:$A$304,0)),IFERROR(INDEX(RW_Register!$AA$5:$AA$304,MATCH($B18,RW_Register!$A$5:$A$304,0)),IFERROR(INDEX(Other_Register!$P$5:$P$304,MATCH($B18,Other_Register!$A$5:$A$304,0)),"")))) | L18: =IF(OR($B18="",$D18=""),"",$D18*IFERROR(INDEX(Drain_Register!$X$5:$X$304,MATCH($B18,Drain_Register!$A$5:$A$304,0)),IFERROR(INDEX(RW_Register!$AD$5:$AD$304,MATCH($B18,RW_Register!$A$5:$A$304,0)),IFERROR(INDEX(Other_Register!$T$5:$T$304,MATCH($B18,Other_Register!$A$5:$A$304,0)),0)))) | M18: =IF(OR($B18="",$D18=""),"",$D18*IFERROR(INDEX(Drain_Register!$Y$5:$Y$304,MATCH($B18,Drain_Register!$A$5:$A$304,0)),IFERROR(INDEX(RW_Register!$AE$5:$AE$304,MATCH($B18,RW_Register!$A$5:$A$304,0)),IFERROR(INDEX(Other_Register!$U$5:$U$304,MATCH($B18,Other_Register!$A$5:$A$304,0)),0)))/1000) | N18: =IF(OR($B18="",$D18=""),"",$D18*IFERROR(INDEX(Drain_Register!$Z$5:$Z$304,MATCH($B18,Drain_Register!$A$5:$A$304,0)),IFERROR(INDEX(RW_Register!$AF$5:$AF$304,MATCH($B18,RW_Register!$A$5:$A$304,0)),IFERROR(INDEX(Other_Register!$V$5:$V$304,MATCH($B18,Other_Register!$A$5:$A$304,0)),0)))) | O18: =IF(OR($B18="",$D18=""),"",$D18*IFERROR(INDEX(Drain_Register!$AA$5:$AA$304,MATCH($B18,Drain_Register!$A$5:$A$304,0)),IFERROR(INDEX(RW_Register!$AG$5:$AG$304,MATCH($B18,RW_Register!$A$5:$A$304,0)),IFERROR(INDEX(Other_Register!$W$5:$W$304,MATCH($B18,Other_Register!$A$5:$A$304,0)),0)))) | P18: =IF($B18="","",IF(F18="","ID not found",IF(I18<>"Approved","WARNING: status is "&I18,IF(D18="","Enter length / qty","OK"))))
E19: =IF($B19="","",IF(F19="Others",IFERROR(INDEX(Other_Register!$S$5:$S$304,MATCH($B19,Other_Register!$A$5:$A$304,0)),""),IF(F19="", "","m"))) | F19: =IF($B19="","",IF(ISNUMBER(MATCH($B19,Drain_Register!$A$5:$A$304,0)),"Drain",IF(ISNUMBER(MATCH($B19,RW_Register!$A$5:$A$304,0)),"Ret. Wall",IF(ISNUMBER(MATCH($B19,Other_Register!$A$5:$A$304,0)),"Others","")))) | G19: =IF($B19="","",IFERROR(INDEX(Drain_Register!$B$5:$B$304,MATCH($B19,Drain_Register!$A$5:$A$304,0)),IFERROR(INDEX(RW_Register!$B$5:$B$304,MATCH($B19,RW_Register!$A$5:$A$304,0)),IFERROR(INDEX(Other_Register!$B$5:$B$304,MATCH($B19,Other_Register!$A$5:$A$304,0)),"ID not found - check spelling")))) | H19: =IF($B19="","",IFERROR(INDEX(Drain_Register!$R$5:$R$304,MATCH($B19,Drain_Register!$A$5:$A$304,0)),IFERROR(INDEX(RW_Register!$X$5:$X$304,MATCH($B19,RW_Register!$A$5:$A$304,0)),IFERROR(INDEX(Other_Register!$M$5:$M$304,MATCH($B19,Other_Register!$A$5:$A$304,0)),"")))) | I19: =IF($B19="","",IFERROR(INDEX(Drain_Register!$S$5:$S$304,MATCH($B19,Drain_Register!$A$5:$A$304,0)),IFERROR(INDEX(RW_Register!$Y$5:$Y$304,MATCH($B19,RW_Register!$A$5:$A$304,0)),IFERROR(INDEX(Other_Register!$N$5:$N$304,MATCH($B19,Other_Register!$A$5:$A$304,0)),"")))) | J19: =IF($B19="","",IFERROR(INDEX(Drain_Register!$T$5:$T$304,MATCH($B19,Drain_Register!$A$5:$A$304,0)),IFERROR(INDEX(RW_Register!$Z$5:$Z$304,MATCH($B19,RW_Register!$A$5:$A$304,0)),IFERROR(INDEX(Other_Register!$O$5:$O$304,MATCH($B19,Other_Register!$A$5:$A$304,0)),"")))) | K19: =IF($B19="","",IFERROR(INDEX(Drain_Register!$U$5:$U$304,MATCH($B19,Drain_Register!$A$5:$A$304,0)),IFERROR(INDEX(RW_Register!$AA$5:$AA$304,MATCH($B19,RW_Register!$A$5:$A$304,0)),IFERROR(INDEX(Other_Register!$P$5:$P$304,MATCH($B19,Other_Register!$A$5:$A$304,0)),"")))) | L19: =IF(OR($B19="",$D19=""),"",$D19*IFERROR(INDEX(Drain_Register!$X$5:$X$304,MATCH($B19,Drain_Register!$A$5:$A$304,0)),IFERROR(INDEX(RW_Register!$AD$5:$AD$304,MATCH($B19,RW_Register!$A$5:$A$304,0)),IFERROR(INDEX(Other_Register!$T$5:$T$304,MATCH($B19,Other_Register!$A$5:$A$304,0)),0)))) | M19: =IF(OR($B19="",$D19=""),"",$D19*IFERROR(INDEX(Drain_Register!$Y$5:$Y$304,MATCH($B19,Drain_Register!$A$5:$A$304,0)),IFERROR(INDEX(RW_Register!$AE$5:$AE$304,MATCH($B19,RW_Register!$A$5:$A$304,0)),IFERROR(INDEX(Other_Register!$U$5:$U$304,MATCH($B19,Other_Register!$A$5:$A$304,0)),0)))/1000) | N19: =IF(OR($B19="",$D19=""),"",$D19*IFERROR(INDEX(Drain_Register!$Z$5:$Z$304,MATCH($B19,Drain_Register!$A$5:$A$304,0)),IFERROR(INDEX(RW_Register!$AF$5:$AF$304,MATCH($B19,RW_Register!$A$5:$A$304,0)),IFERROR(INDEX(Other_Register!$V$5:$V$304,MATCH($B19,Other_Register!$A$5:$A$304,0)),0)))) | O19: =IF(OR($B19="",$D19=""),"",$D19*IFERROR(INDEX(Drain_Register!$AA$5:$AA$304,MATCH($B19,Drain_Register!$A$5:$A$304,0)),IFERROR(INDEX(RW_Register!$AG$5:$AG$304,MATCH($B19,RW_Register!$A$5:$A$304,0)),IFERROR(INDEX(Other_Register!$W$5:$W$304,MATCH($B19,Other_Register!$A$5:$A$304,0)),0)))) | P19: =IF($B19="","",IF(F19="","ID not found",IF(I19<>"Approved","WARNING: status is "&I19,IF(D19="","Enter length / qty","OK"))))
E20: =IF($B20="","",IF(F20="Others",IFERROR(INDEX(Other_Register!$S$5:$S$304,MATCH($B20,Other_Register!$A$5:$A$304,0)),""),IF(F20="", "","m"))) | F20: =IF($B20="","",IF(ISNUMBER(MATCH($B20,Drain_Register!$A$5:$A$304,0)),"Drain",IF(ISNUMBER(MATCH($B20,RW_Register!$A$5:$A$304,0)),"Ret. Wall",IF(ISNUMBER(MATCH($B20,Other_Register!$A$5:$A$304,0)),"Others","")))) | G20: =IF($B20="","",IFERROR(INDEX(Drain_Register!$B$5:$B$304,MATCH($B20,Drain_Register!$A$5:$A$304,0)),IFERROR(INDEX(RW_Register!$B$5:$B$304,MATCH($B20,RW_Register!$A$5:$A$304,0)),IFERROR(INDEX(Other_Register!$B$5:$B$304,MATCH($B20,Other_Register!$A$5:$A$304,0)),"ID not found - check spelling")))) | H20: =IF($B20="","",IFERROR(INDEX(Drain_Register!$R$5:$R$304,MATCH($B20,Drain_Register!$A$5:$A$304,0)),IFERROR(INDEX(RW_Register!$X$5:$X$304,MATCH($B20,RW_Register!$A$5:$A$304,0)),IFERROR(INDEX(Other_Register!$M$5:$M$304,MATCH($B20,Other_Register!$A$5:$A$304,0)),"")))) | I20: =IF($B20="","",IFERROR(INDEX(Drain_Register!$S$5:$S$304,MATCH($B20,Drain_Register!$A$5:$A$304,0)),IFERROR(INDEX(RW_Register!$Y$5:$Y$304,MATCH($B20,RW_Register!$A$5:$A$304,0)),IFERROR(INDEX(Other_Register!$N$5:$N$304,MATCH($B20,Other_Register!$A$5:$A$304,0)),"")))) | J20: =IF($B20="","",IFERROR(INDEX(Drain_Register!$T$5:$T$304,MATCH($B20,Drain_Register!$A$5:$A$304,0)),IFERROR(INDEX(RW_Register!$Z$5:$Z$304,MATCH($B20,RW_Register!$A$5:$A$304,0)),IFERROR(INDEX(Other_Register!$O$5:$O$304,MATCH($B20,Other_Register!$A$5:$A$304,0)),"")))) | K20: =IF($B20="","",IFERROR(INDEX(Drain_Register!$U$5:$U$304,MATCH($B20,Drain_Register!$A$5:$A$304,0)),IFERROR(INDEX(RW_Register!$AA$5:$AA$304,MATCH($B20,RW_Register!$A$5:$A$304,0)),IFERROR(INDEX(Other_Register!$P$5:$P$304,MATCH($B20,Other_Register!$A$5:$A$304,0)),"")))) | L20: =IF(OR($B20="",$D20=""),"",$D20*IFERROR(INDEX(Drain_Register!$X$5:$X$304,MATCH($B20,Drain_Register!$A$5:$A$304,0)),IFERROR(INDEX(RW_Register!$AD$5:$AD$304,MATCH($B20,RW_Register!$A$5:$A$304,0)),IFERROR(INDEX(Other_Register!$T$5:$T$304,MATCH($B20,Other_Register!$A$5:$A$304,0)),0)))) | M20: =IF(OR($B20="",$D20=""),"",$D20*IFERROR(INDEX(Drain_Register!$Y$5:$Y$304,MATCH($B20,Drain_Register!$A$5:$A$304,0)),IFERROR(INDEX(RW_Register!$AE$5:$AE$304,MATCH($B20,RW_Register!$A$5:$A$304,0)),IFERROR(INDEX(Other_Register!$U$5:$U$304,MATCH($B20,Other_Register!$A$5:$A$304,0)),0)))/1000) | N20: =IF(OR($B20="",$D20=""),"",$D20*IFERROR(INDEX(Drain_Register!$Z$5:$Z$304,MATCH($B20,Drain_Register!$A$5:$A$304,0)),IFERROR(INDEX(RW_Register!$AF$5:$AF$304,MATCH($B20,RW_Register!$A$5:$A$304,0)),IFERROR(INDEX(Other_Register!$V$5:$V$304,MATCH($B20,Other_Register!$A$5:$A$304,0)),0)))) | O20: =IF(OR($B20="",$D20=""),"",$D20*IFERROR(INDEX(Drain_Register!$AA$5:$AA$304,MATCH($B20,Drain_Register!$A$5:$A$304,0)),IFERROR(INDEX(RW_Register!$AG$5:$AG$304,MATCH($B20,RW_Register!$A$5:$A$304,0)),IFERROR(INDEX(Other_Register!$W$5:$W$304,MATCH($B20,Other_Register!$A$5:$A$304,0)),0)))) | P20: =IF($B20="","",IF(F20="","ID not found",IF(I20<>"Approved","WARNING: status is "&I20,IF(D20="","Enter length / qty","OK"))))
E21: =IF($B21="","",IF(F21="Others",IFERROR(INDEX(Other_Register!$S$5:$S$304,MATCH($B21,Other_Register!$A$5:$A$304,0)),""),IF(F21="", "","m"))) | F21: =IF($B21="","",IF(ISNUMBER(MATCH($B21,Drain_Register!$A$5:$A$304,0)),"Drain",IF(ISNUMBER(MATCH($B21,RW_Register!$A$5:$A$304,0)),"Ret. Wall",IF(ISNUMBER(MATCH($B21,Other_Register!$A$5:$A$304,0)),"Others","")))) | G21: =IF($B21="","",IFERROR(INDEX(Drain_Register!$B$5:$B$304,MATCH($B21,Drain_Register!$A$5:$A$304,0)),IFERROR(INDEX(RW_Register!$B$5:$B$304,MATCH($B21,RW_Register!$A$5:$A$304,0)),IFERROR(INDEX(Other_Register!$B$5:$B$304,MATCH($B21,Other_Register!$A$5:$A$304,0)),"ID not found - check spelling")))) | H21: =IF($B21="","",IFERROR(INDEX(Drain_Register!$R$5:$R$304,MATCH($B21,Drain_Register!$A$5:$A$304,0)),IFERROR(INDEX(RW_Register!$X$5:$X$304,MATCH($B21,RW_Register!$A$5:$A$304,0)),IFERROR(INDEX(Other_Register!$M$5:$M$304,MATCH($B21,Other_Register!$A$5:$A$304,0)),"")))) | I21: =IF($B21="","",IFERROR(INDEX(Drain_Register!$S$5:$S$304,MATCH($B21,Drain_Register!$A$5:$A$304,0)),IFERROR(INDEX(RW_Register!$Y$5:$Y$304,MATCH($B21,RW_Register!$A$5:$A$304,0)),IFERROR(INDEX(Other_Register!$N$5:$N$304,MATCH($B21,Other_Register!$A$5:$A$304,0)),"")))) | J21: =IF($B21="","",IFERROR(INDEX(Drain_Register!$T$5:$T$304,MATCH($B21,Drain_Register!$A$5:$A$304,0)),IFERROR(INDEX(RW_Register!$Z$5:$Z$304,MATCH($B21,RW_Register!$A$5:$A$304,0)),IFERROR(INDEX(Other_Register!$O$5:$O$304,MATCH($B21,Other_Register!$A$5:$A$304,0)),"")))) | K21: =IF($B21="","",IFERROR(INDEX(Drain_Register!$U$5:$U$304,MATCH($B21,Drain_Register!$A$5:$A$304,0)),IFERROR(INDEX(RW_Register!$AA$5:$AA$304,MATCH($B21,RW_Register!$A$5:$A$304,0)),IFERROR(INDEX(Other_Register!$P$5:$P$304,MATCH($B21,Other_Register!$A$5:$A$304,0)),"")))) | L21: =IF(OR($B21="",$D21=""),"",$D21*IFERROR(INDEX(Drain_Register!$X$5:$X$304,MATCH($B21,Drain_Register!$A$5:$A$304,0)),IFERROR(INDEX(RW_Register!$AD$5:$AD$304,MATCH($B21,RW_Register!$A$5:$A$304,0)),IFERROR(INDEX(Other_Register!$T$5:$T$304,MATCH($B21,Other_Register!$A$5:$A$304,0)),0)))) | M21: =IF(OR($B21="",$D21=""),"",$D21*IFERROR(INDEX(Drain_Register!$Y$5:$Y$304,MATCH($B21,Drain_Register!$A$5:$A$304,0)),IFERROR(INDEX(RW_Register!$AE$5:$AE$304,MATCH($B21,RW_Register!$A$5:$A$304,0)),IFERROR(INDEX(Other_Register!$U$5:$U$304,MATCH($B21,Other_Register!$A$5:$A$304,0)),0)))/1000) | N21: =IF(OR($B21="",$D21=""),"",$D21*IFERROR(INDEX(Drain_Register!$Z$5:$Z$304,MATCH($B21,Drain_Register!$A$5:$A$304,0)),IFERROR(INDEX(RW_Register!$AF$5:$AF$304,MATCH($B21,RW_Register!$A$5:$A$304,0)),IFERROR(INDEX(Other_Register!$V$5:$V$304,MATCH($B21,Other_Register!$A$5:$A$304,0)),0)))) | O21: =IF(OR($B21="",$D21=""),"",$D21*IFERROR(INDEX(Drain_Register!$AA$5:$AA$304,MATCH($B21,Drain_Register!$A$5:$A$304,0)),IFERROR(INDEX(RW_Register!$AG$5:$AG$304,MATCH($B21,RW_Register!$A$5:$A$304,0)),IFERROR(INDEX(Other_Register!$W$5:$W$304,MATCH($B21,Other_Register!$A$5:$A$304,0)),0)))) | P21: =IF($B21="","",IF(F21="","ID not found",IF(I21<>"Approved","WARNING: status is "&I21,IF(D21="","Enter length / qty","OK"))))
E22: =IF($B22="","",IF(F22="Others",IFERROR(INDEX(Other_Register!$S$5:$S$304,MATCH($B22,Other_Register!$A$5:$A$304,0)),""),IF(F22="", "","m"))) | F22: =IF($B22="","",IF(ISNUMBER(MATCH($B22,Drain_Register!$A$5:$A$304,0)),"Drain",IF(ISNUMBER(MATCH($B22,RW_Register!$A$5:$A$304,0)),"Ret. Wall",IF(ISNUMBER(MATCH($B22,Other_Register!$A$5:$A$304,0)),"Others","")))) | G22: =IF($B22="","",IFERROR(INDEX(Drain_Register!$B$5:$B$304,MATCH($B22,Drain_Register!$A$5:$A$304,0)),IFERROR(INDEX(RW_Register!$B$5:$B$304,MATCH($B22,RW_Register!$A$5:$A$304,0)),IFERROR(INDEX(Other_Register!$B$5:$B$304,MATCH($B22,Other_Register!$A$5:$A$304,0)),"ID not found - check spelling")))) | H22: =IF($B22="","",IFERROR(INDEX(Drain_Register!$R$5:$R$304,MATCH($B22,Drain_Register!$A$5:$A$304,0)),IFERROR(INDEX(RW_Register!$X$5:$X$304,MATCH($B22,RW_Register!$A$5:$A$304,0)),IFERROR(INDEX(Other_Register!$M$5:$M$304,MATCH($B22,Other_Register!$A$5:$A$304,0)),"")))) | I22: =IF($B22="","",IFERROR(INDEX(Drain_Register!$S$5:$S$304,MATCH($B22,Drain_Register!$A$5:$A$304,0)),IFERROR(INDEX(RW_Register!$Y$5:$Y$304,MATCH($B22,RW_Register!$A$5:$A$304,0)),IFERROR(INDEX(Other_Register!$N$5:$N$304,MATCH($B22,Other_Register!$A$5:$A$304,0)),"")))) | J22: =IF($B22="","",IFERROR(INDEX(Drain_Register!$T$5:$T$304,MATCH($B22,Drain_Register!$A$5:$A$304,0)),IFERROR(INDEX(RW_Register!$Z$5:$Z$304,MATCH($B22,RW_Register!$A$5:$A$304,0)),IFERROR(INDEX(Other_Register!$O$5:$O$304,MATCH($B22,Other_Register!$A$5:$A$304,0)),"")))) | K22: =IF($B22="","",IFERROR(INDEX(Drain_Register!$U$5:$U$304,MATCH($B22,Drain_Register!$A$5:$A$304,0)),IFERROR(INDEX(RW_Register!$AA$5:$AA$304,MATCH($B22,RW_Register!$A$5:$A$304,0)),IFERROR(INDEX(Other_Register!$P$5:$P$304,MATCH($B22,Other_Register!$A$5:$A$304,0)),"")))) | L22: =IF(OR($B22="",$D22=""),"",$D22*IFERROR(INDEX(Drain_Register!$X$5:$X$304,MATCH($B22,Drain_Register!$A$5:$A$304,0)),IFERROR(INDEX(RW_Register!$AD$5:$AD$304,MATCH($B22,RW_Register!$A$5:$A$304,0)),IFERROR(INDEX(Other_Register!$T$5:$T$304,MATCH($B22,Other_Register!$A$5:$A$304,0)),0)))) | M22: =IF(OR($B22="",$D22=""),"",$D22*IFERROR(INDEX(Drain_Register!$Y$5:$Y$304,MATCH($B22,Drain_Register!$A$5:$A$304,0)),IFERROR(INDEX(RW_Register!$AE$5:$AE$304,MATCH($B22,RW_Register!$A$5:$A$304,0)),IFERROR(INDEX(Other_Register!$U$5:$U$304,MATCH($B22,Other_Register!$A$5:$A$304,0)),0)))/1000) | N22: =IF(OR($B22="",$D22=""),"",$D22*IFERROR(INDEX(Drain_Register!$Z$5:$Z$304,MATCH($B22,Drain_Register!$A$5:$A$304,0)),IFERROR(INDEX(RW_Register!$AF$5:$AF$304,MATCH($B22,RW_Register!$A$5:$A$304,0)),IFERROR(INDEX(Other_Register!$V$5:$V$304,MATCH($B22,Other_Register!$A$5:$A$304,0)),0)))) | O22: =IF(OR($B22="",$D22=""),"",$D22*IFERROR(INDEX(Drain_Register!$AA$5:$AA$304,MATCH($B22,Drain_Register!$A$5:$A$304,0)),IFERROR(INDEX(RW_Register!$AG$5:$AG$304,MATCH($B22,RW_Register!$A$5:$A$304,0)),IFERROR(INDEX(Other_Register!$W$5:$W$304,MATCH($B22,Other_Register!$A$5:$A$304,0)),0)))) | P22: =IF($B22="","",IF(F22="","ID not found",IF(I22<>"Approved","WARNING: status is "&I22,IF(D22="","Enter length / qty","OK"))))
... E60: =IF($B60="","",IF(F60="Others",IFERROR(INDEX(Other_Register!$S$5:$S$304,MATCH($B60,Other_Register!$A$5:$A$304,0)),""),IF(F60="", "","m"))) | F60: =IF($B60="","",IF(ISNUMBER(MATCH($B60,Drain_Register!$A$5:$A$304,0)),"Drain",IF(ISNUMBER(MATCH($B60,RW_Register!$A$5:$A$304,0)),"Ret. Wall",IF(ISNUMBER(MATCH($B60,Other_Register!$A$5:$A$304,0)),"Others","")))) | G60: =IF($B60="","",IFERROR(INDEX(Drain_Register!$B$5:$B$304,MATCH($B60,Drain_Register!$A$5:$A$304,0)),IFERROR(INDEX(RW_Register!$B$5:$B$304,MATCH($B60,RW_Register!$A$5:$A$304,0)),IFERROR(INDEX(Other_Register!$B$5:$B$304,MATCH($B60,Other_Register!$A$5:$A$304,0)),"ID not found - check spelling")))) | H60: =IF($B60="","",IFERROR(INDEX(Drain_Register!$R$5:$R$304,MATCH($B60,Drain_Register!$A$5:$A$304,0)),IFERROR(INDEX(RW_Register!$X$5:$X$304,MATCH($B60,RW_Register!$A$5:$A$304,0)),IFERROR(INDEX(Other_Register!$M$5:$M$304,MATCH($B60,Other_Register!$A$5:$A$304,0)),"")))) | I60: =IF($B60="","",IFERROR(INDEX(Drain_Register!$S$5:$S$304,MATCH($B60,Drain_Register!$A$5:$A$304,0)),IFERROR(INDEX(RW_Register!$Y$5:$Y$304,MATCH($B60,RW_Register!$A$5:$A$304,0)),IFERROR(INDEX(Other_Register!$N$5:$N$304,MATCH($B60,Other_Register!$A$5:$A$304,0)),"")))) | J60: =IF($B60="","",IFERROR(INDEX(Drain_Register!$T$5:$T$304,MATCH($B60,Drain_Register!$A$5:$A$304,0)),IFERROR(INDEX(RW_Register!$Z$5:$Z$304,MATCH($B60,RW_Register!$A$5:$A$304,0)),IFERROR(INDEX(Other_Register!$O$5:$O$304,MATCH($B60,Other_Register!$A$5:$A$304,0)),"")))) | K60: =IF($B60="","",IFERROR(INDEX(Drain_Register!$U$5:$U$304,MATCH($B60,Drain_Register!$A$5:$A$304,0)),IFERROR(INDEX(RW_Register!$AA$5:$AA$304,MATCH($B60,RW_Register!$A$5:$A$304,0)),IFERROR(INDEX(Other_Register!$P$5:$P$304,MATCH($B60,Other_Register!$A$5:$A$304,0)),"")))) | L60: =IF(OR($B60="",$D60=""),"",$D60*IFERROR(INDEX(Drain_Register!$X$5:$X$304,MATCH($B60,Drain_Register!$A$5:$A$304,0)),IFERROR(INDEX(RW_Register!$AD$5:$AD$304,MATCH($B60,RW_Register!$A$5:$A$304,0)),IFERROR(INDEX(Other_Register!$T$5:$T$304,MATCH($B60,Other_Register!$A$5:$A$304,0)),0)))) | M60: =IF(OR($B60="",$D60=""),"",$D60*IFERROR(INDEX(Drain_Register!$Y$5:$Y$304,MATCH($B60,Drain_Register!$A$5:$A$304,0)),IFERROR(INDEX(RW_Register!$AE$5:$AE$304,MATCH($B60,RW_Register!$A$5:$A$304,0)),IFERROR(INDEX(Other_Register!$U$5:$U$304,MATCH($B60,Other_Register!$A$5:$A$304,0)),0)))/1000) | N60: =IF(OR($B60="",$D60=""),"",$D60*IFERROR(INDEX(Drain_Register!$Z$5:$Z$304,MATCH($B60,Drain_Register!$A$5:$A$304,0)),IFERROR(INDEX(RW_Register!$AF$5:$AF$304,MATCH($B60,RW_Register!$A$5:$A$304,0)),IFERROR(INDEX(Other_Register!$V$5:$V$304,MATCH($B60,Other_Register!$A$5:$A$304,0)),0)))) | O60: =IF(OR($B60="",$D60=""),"",$D60*IFERROR(INDEX(Drain_Register!$AA$5:$AA$304,MATCH($B60,Drain_Register!$A$5:$A$304,0)),IFERROR(INDEX(RW_Register!$AG$5:$AG$304,MATCH($B60,RW_Register!$A$5:$A$304,0)),IFERROR(INDEX(Other_Register!$W$5:$W$304,MATCH($B60,Other_Register!$A$5:$A$304,0)),0)))) | P60: =IF($B60="","",IF(F60="","ID not found",IF(I60<>"Approved","WARNING: status is "&I60,IF(D60="","Enter length / qty","OK"))))
K61: TOTAL | L61: =SUM(L6:L60) -> 180.26 | M61: =SUM(M6:M60) -> 23.59 | N61: =SUM(N6:N60) -> 1043.2 | O61: =SUM(O6:O60) -> 640.75
A63: Quantities are PRELIMINARY (standard section x length) for tender estimation only. Exclude bends, transitions, sumps unless listed. QS to verify.

Sheet Coverage
A1: Coverage Matrix: number of APPROVED designs (0 = gap, plan a new standard design)
A3: Retaining walls: type vs retained height band (m)
A4: Wall Type | B4: 0-1 | C4: 1-1.5 | D4: 1.5-2 | E4: 2-2.5 | F4: 2.5-3 | G4: 3-3.5 | H4: 3.5-4 | I4: 4-4.5 | J4: 4.5-5 | K4: 5-6
A5: Cantilever RC | B5: =COUNTIFS(RW_Register!$C$5:$C$304,$A5,RW_Register!$Y$5:$Y$304,"Approved",RW_Register!$D$5:$D$304,">0",RW_Register!$D$5:$D$304,"<=1.0") -> 0 | C5: =COUNTIFS(RW_Register!$C$5:$C$304,$A5,RW_Register!$Y$5:$Y$304,"Approved",RW_Register!$D$5:$D$304,">1.0",RW_Register!$D$5:$D$304,"<=1.5") -> 1 | D5: =COUNTIFS(RW_Register!$C$5:$C$304,$A5,RW_Register!$Y$5:$Y$304,"Approved",RW_Register!$D$5:$D$304,">1.5",RW_Register!$D$5:$D$304,"<=2.0") -> 1 | E5: =COUNTIFS(RW_Register!$C$5:$C$304,$A5,RW_Register!$Y$5:$Y$304,"Approved",RW_Register!$D$5:$D$304,">2.0",RW_Register!$D$5:$D$304,"<=2.5") -> 1 | F5: =COUNTIFS(RW_Register!$C$5:$C$304,$A5,RW_Register!$Y$5:$Y$304,"Approved",RW_Register!$D$5:$D$304,">2.5",RW_Register!$D$5:$D$304,"<=3.0") -> 2 | G5: =COUNTIFS(RW_Register!$C$5:$C$304,$A5,RW_Register!$Y$5:$Y$304,"Approved",RW_Register!$D$5:$D$304,">3.0",RW_Register!$D$5:$D$304,"<=3.5") -> 1 | H5: =COUNTIFS(RW_Register!$C$5:$C$304,$A5,RW_Register!$Y$5:$Y$304,"Approved",RW_Register!$D$5:$D$304,">3.5",RW_Register!$D$5:$D$304,"<=4.0") -> 0 | I5: =COUNTIFS(RW_Register!$C$5:$C$304,$A5,RW_Register!$Y$5:$Y$304,"Approved",RW_Register!$D$5:$D$304,">4.0",RW_Register!$D$5:$D$304,"<=4.5") -> 0 | J5: =COUNTIFS(RW_Register!$C$5:$C$304,$A5,RW_Register!$Y$5:$Y$304,"Approved",RW_Register!$D$5:$D$304,">4.5",RW_Register!$D$5:$D$304,"<=5.0") -> 0 | K5: =COUNTIFS(RW_Register!$C$5:$C$304,$A5,RW_Register!$Y$5:$Y$304,"Approved",RW_Register!$D$5:$D$304,">5.0",RW_Register!$D$5:$D$304,"<=6.0") -> 0
A6: L-Wall | B6: =COUNTIFS(RW_Register!$C$5:$C$304,$A6,RW_Register!$Y$5:$Y$304,"Approved",RW_Register!$D$5:$D$304,">0",RW_Register!$D$5:$D$304,"<=1.0") -> 1 | C6: =COUNTIFS(RW_Register!$C$5:$C$304,$A6,RW_Register!$Y$5:$Y$304,"Approved",RW_Register!$D$5:$D$304,">1.0",RW_Register!$D$5:$D$304,"<=1.5") -> 0 | D6: =COUNTIFS(RW_Register!$C$5:$C$304,$A6,RW_Register!$Y$5:$Y$304,"Approved",RW_Register!$D$5:$D$304,">1.5",RW_Register!$D$5:$D$304,"<=2.0") -> 0 | E6: =COUNTIFS(RW_Register!$C$5:$C$304,$A6,RW_Register!$Y$5:$Y$304,"Approved",RW_Register!$D$5:$D$304,">2.0",RW_Register!$D$5:$D$304,"<=2.5") -> 0 | F6: =COUNTIFS(RW_Register!$C$5:$C$304,$A6,RW_Register!$Y$5:$Y$304,"Approved",RW_Register!$D$5:$D$304,">2.5",RW_Register!$D$5:$D$304,"<=3.0") -> 0 | G6: =COUNTIFS(RW_Register!$C$5:$C$304,$A6,RW_Register!$Y$5:$Y$304,"Approved",RW_Register!$D$5:$D$304,">3.0",RW_Register!$D$5:$D$304,"<=3.5") -> 0 | H6: =COUNTIFS(RW_Register!$C$5:$C$304,$A6,RW_Register!$Y$5:$Y$304,"Approved",RW_Register!$D$5:$D$304,">3.5",RW_Register!$D$5:$D$304,"<=4.0") -> 0 | I6: =COUNTIFS(RW_Register!$C$5:$C$304,$A6,RW_Register!$Y$5:$Y$304,"Approved",RW_Register!$D$5:$D$304,">4.0",RW_Register!$D$5:$D$304,"<=4.5") -> 0 | J6: =COUNTIFS(RW_Register!$C$5:$C$304,$A6,RW_Register!$Y$5:$Y$304,"Approved",RW_Register!$D$5:$D$304,">4.5",RW_Register!$D$5:$D$304,"<=5.0") -> 0 | K6: =COUNTIFS(RW_Register!$C$5:$C$304,$A6,RW_Register!$Y$5:$Y$304,"Approved",RW_Register!$D$5:$D$304,">5.0",RW_Register!$D$5:$D$304,"<=6.0") -> 0
A7: Gravity | B7: =COUNTIFS(RW_Register!$C$5:$C$304,$A7,RW_Register!$Y$5:$Y$304,"Approved",RW_Register!$D$5:$D$304,">0",RW_Register!$D$5:$D$304,"<=1.0") -> 0 | C7: =COUNTIFS(RW_Register!$C$5:$C$304,$A7,RW_Register!$Y$5:$Y$304,"Approved",RW_Register!$D$5:$D$304,">1.0",RW_Register!$D$5:$D$304,"<=1.5") -> 1 | D7: =COUNTIFS(RW_Register!$C$5:$C$304,$A7,RW_Register!$Y$5:$Y$304,"Approved",RW_Register!$D$5:$D$304,">1.5",RW_Register!$D$5:$D$304,"<=2.0") -> 0 | E7: =COUNTIFS(RW_Register!$C$5:$C$304,$A7,RW_Register!$Y$5:$Y$304,"Approved",RW_Register!$D$5:$D$304,">2.0",RW_Register!$D$5:$D$304,"<=2.5") -> 0 | F7: =COUNTIFS(RW_Register!$C$5:$C$304,$A7,RW_Register!$Y$5:$Y$304,"Approved",RW_Register!$D$5:$D$304,">2.5",RW_Register!$D$5:$D$304,"<=3.0") -> 0 | G7: =COUNTIFS(RW_Register!$C$5:$C$304,$A7,RW_Register!$Y$5:$Y$304,"Approved",RW_Register!$D$5:$D$304,">3.0",RW_Register!$D$5:$D$304,"<=3.5") -> 0 | H7: =COUNTIFS(RW_Register!$C$5:$C$304,$A7,RW_Register!$Y$5:$Y$304,"Approved",RW_Register!$D$5:$D$304,">3.5",RW_Register!$D$5:$D$304,"<=4.0") -> 0 | I7: =COUNTIFS(RW_Register!$C$5:$C$304,$A7,RW_Register!$Y$5:$Y$304,"Approved",RW_Register!$D$5:$D$304,">4.0",RW_Register!$D$5:$D$304,"<=4.5") -> 0 | J7: =COUNTIFS(RW_Register!$C$5:$C$304,$A7,RW_Register!$Y$5:$Y$304,"Approved",RW_Register!$D$5:$D$304,">4.5",RW_Register!$D$5:$D$304,"<=5.0") -> 0 | K7: =COUNTIFS(RW_Register!$C$5:$C$304,$A7,RW_Register!$Y$5:$Y$304,"Approved",RW_Register!$D$5:$D$304,">5.0",RW_Register!$D$5:$D$304,"<=6.0") -> 0
A8: Counterfort | B8: =COUNTIFS(RW_Register!$C$5:$C$304,$A8,RW_Register!$Y$5:$Y$304,"Approved",RW_Register!$D$5:$D$304,">0",RW_Register!$D$5:$D$304,"<=1.0") -> 0 | C8: =COUNTIFS(RW_Register!$C$5:$C$304,$A8,RW_Register!$Y$5:$Y$304,"Approved",RW_Register!$D$5:$D$304,">1.0",RW_Register!$D$5:$D$304,"<=1.5") -> 0 | D8: =COUNTIFS(RW_Register!$C$5:$C$304,$A8,RW_Register!$Y$5:$Y$304,"Approved",RW_Register!$D$5:$D$304,">1.5",RW_Register!$D$5:$D$304,"<=2.0") -> 0 | E8: =COUNTIFS(RW_Register!$C$5:$C$304,$A8,RW_Register!$Y$5:$Y$304,"Approved",RW_Register!$D$5:$D$304,">2.0",RW_Register!$D$5:$D$304,"<=2.5") -> 0 | F8: =COUNTIFS(RW_Register!$C$5:$C$304,$A8,RW_Register!$Y$5:$Y$304,"Approved",RW_Register!$D$5:$D$304,">2.5",RW_Register!$D$5:$D$304,"<=3.0") -> 0 | G8: =COUNTIFS(RW_Register!$C$5:$C$304,$A8,RW_Register!$Y$5:$Y$304,"Approved",RW_Register!$D$5:$D$304,">3.0",RW_Register!$D$5:$D$304,"<=3.5") -> 0 | H8: =COUNTIFS(RW_Register!$C$5:$C$304,$A8,RW_Register!$Y$5:$Y$304,"Approved",RW_Register!$D$5:$D$304,">3.5",RW_Register!$D$5:$D$304,"<=4.0") -> 0 | I8: =COUNTIFS(RW_Register!$C$5:$C$304,$A8,RW_Register!$Y$5:$Y$304,"Approved",RW_Register!$D$5:$D$304,">4.0",RW_Register!$D$5:$D$304,"<=4.5") -> 0 | J8: =COUNTIFS(RW_Register!$C$5:$C$304,$A8,RW_Register!$Y$5:$Y$304,"Approved",RW_Register!$D$5:$D$304,">4.5",RW_Register!$D$5:$D$304,"<=5.0") -> 0 | K8: =COUNTIFS(RW_Register!$C$5:$C$304,$A8,RW_Register!$Y$5:$Y$304,"Approved",RW_Register!$D$5:$D$304,">5.0",RW_Register!$D$5:$D$304,"<=6.0") -> 0
A9: Block / Segmental | B9: =COUNTIFS(RW_Register!$C$5:$C$304,$A9,RW_Register!$Y$5:$Y$304,"Approved",RW_Register!$D$5:$D$304,">0",RW_Register!$D$5:$D$304,"<=1.0") -> 0 | C9: =COUNTIFS(RW_Register!$C$5:$C$304,$A9,RW_Register!$Y$5:$Y$304,"Approved",RW_Register!$D$5:$D$304,">1.0",RW_Register!$D$5:$D$304,"<=1.5") -> 0 | D9: =COUNTIFS(RW_Register!$C$5:$C$304,$A9,RW_Register!$Y$5:$Y$304,"Approved",RW_Register!$D$5:$D$304,">1.5",RW_Register!$D$5:$D$304,"<=2.0") -> 0 | E9: =COUNTIFS(RW_Register!$C$5:$C$304,$A9,RW_Register!$Y$5:$Y$304,"Approved",RW_Register!$D$5:$D$304,">2.0",RW_Register!$D$5:$D$304,"<=2.5") -> 0 | F9: =COUNTIFS(RW_Register!$C$5:$C$304,$A9,RW_Register!$Y$5:$Y$304,"Approved",RW_Register!$D$5:$D$304,">2.5",RW_Register!$D$5:$D$304,"<=3.0") -> 0 | G9: =COUNTIFS(RW_Register!$C$5:$C$304,$A9,RW_Register!$Y$5:$Y$304,"Approved",RW_Register!$D$5:$D$304,">3.0",RW_Register!$D$5:$D$304,"<=3.5") -> 0 | H9: =COUNTIFS(RW_Register!$C$5:$C$304,$A9,RW_Register!$Y$5:$Y$304,"Approved",RW_Register!$D$5:$D$304,">3.5",RW_Register!$D$5:$D$304,"<=4.0") -> 0 | I9: =COUNTIFS(RW_Register!$C$5:$C$304,$A9,RW_Register!$Y$5:$Y$304,"Approved",RW_Register!$D$5:$D$304,">4.0",RW_Register!$D$5:$D$304,"<=4.5") -> 0 | J9: =COUNTIFS(RW_Register!$C$5:$C$304,$A9,RW_Register!$Y$5:$Y$304,"Approved",RW_Register!$D$5:$D$304,">4.5",RW_Register!$D$5:$D$304,"<=5.0") -> 0 | K9: =COUNTIFS(RW_Register!$C$5:$C$304,$A9,RW_Register!$Y$5:$Y$304,"Approved",RW_Register!$D$5:$D$304,">5.0",RW_Register!$D$5:$D$304,"<=6.0") -> 0
A10: Sheet Pile | B10: =COUNTIFS(RW_Register!$C$5:$C$304,$A10,RW_Register!$Y$5:$Y$304,"Approved",RW_Register!$D$5:$D$304,">0",RW_Register!$D$5:$D$304,"<=1.0") -> 0 | C10: =COUNTIFS(RW_Register!$C$5:$C$304,$A10,RW_Register!$Y$5:$Y$304,"Approved",RW_Register!$D$5:$D$304,">1.0",RW_Register!$D$5:$D$304,"<=1.5") -> 0 | D10: =COUNTIFS(RW_Register!$C$5:$C$304,$A10,RW_Register!$Y$5:$Y$304,"Approved",RW_Register!$D$5:$D$304,">1.5",RW_Register!$D$5:$D$304,"<=2.0") -> 0 | E10: =COUNTIFS(RW_Register!$C$5:$C$304,$A10,RW_Register!$Y$5:$Y$304,"Approved",RW_Register!$D$5:$D$304,">2.0",RW_Register!$D$5:$D$304,"<=2.5") -> 0 | F10: =COUNTIFS(RW_Register!$C$5:$C$304,$A10,RW_Register!$Y$5:$Y$304,"Approved",RW_Register!$D$5:$D$304,">2.5",RW_Register!$D$5:$D$304,"<=3.0") -> 0 | G10: =COUNTIFS(RW_Register!$C$5:$C$304,$A10,RW_Register!$Y$5:$Y$304,"Approved",RW_Register!$D$5:$D$304,">3.0",RW_Register!$D$5:$D$304,"<=3.5") -> 0 | H10: =COUNTIFS(RW_Register!$C$5:$C$304,$A10,RW_Register!$Y$5:$Y$304,"Approved",RW_Register!$D$5:$D$304,">3.5",RW_Register!$D$5:$D$304,"<=4.0") -> 0 | I10: =COUNTIFS(RW_Register!$C$5:$C$304,$A10,RW_Register!$Y$5:$Y$304,"Approved",RW_Register!$D$5:$D$304,">4.0",RW_Register!$D$5:$D$304,"<=4.5") -> 0 | J10: =COUNTIFS(RW_Register!$C$5:$C$304,$A10,RW_Register!$Y$5:$Y$304,"Approved",RW_Register!$D$5:$D$304,">4.5",RW_Register!$D$5:$D$304,"<=5.0") -> 0 | K10: =COUNTIFS(RW_Register!$C$5:$C$304,$A10,RW_Register!$Y$5:$Y$304,"Approved",RW_Register!$D$5:$D$304,">5.0",RW_Register!$D$5:$D$304,"<=6.0") -> 0
A11: Contiguous Bored Pile | B11: =COUNTIFS(RW_Register!$C$5:$C$304,$A11,RW_Register!$Y$5:$Y$304,"Approved",RW_Register!$D$5:$D$304,">0",RW_Register!$D$5:$D$304,"<=1.0") -> 0 | C11: =COUNTIFS(RW_Register!$C$5:$C$304,$A11,RW_Register!$Y$5:$Y$304,"Approved",RW_Register!$D$5:$D$304,">1.0",RW_Register!$D$5:$D$304,"<=1.5") -> 0 | D11: =COUNTIFS(RW_Register!$C$5:$C$304,$A11,RW_Register!$Y$5:$Y$304,"Approved",RW_Register!$D$5:$D$304,">1.5",RW_Register!$D$5:$D$304,"<=2.0") -> 0 | E11: =COUNTIFS(RW_Register!$C$5:$C$304,$A11,RW_Register!$Y$5:$Y$304,"Approved",RW_Register!$D$5:$D$304,">2.0",RW_Register!$D$5:$D$304,"<=2.5") -> 0 | F11: =COUNTIFS(RW_Register!$C$5:$C$304,$A11,RW_Register!$Y$5:$Y$304,"Approved",RW_Register!$D$5:$D$304,">2.5",RW_Register!$D$5:$D$304,"<=3.0") -> 0 | G11: =COUNTIFS(RW_Register!$C$5:$C$304,$A11,RW_Register!$Y$5:$Y$304,"Approved",RW_Register!$D$5:$D$304,">3.0",RW_Register!$D$5:$D$304,"<=3.5") -> 0 | H11: =COUNTIFS(RW_Register!$C$5:$C$304,$A11,RW_Register!$Y$5:$Y$304,"Approved",RW_Register!$D$5:$D$304,">3.5",RW_Register!$D$5:$D$304,"<=4.0") -> 0 | I11: =COUNTIFS(RW_Register!$C$5:$C$304,$A11,RW_Register!$Y$5:$Y$304,"Approved",RW_Register!$D$5:$D$304,">4.0",RW_Register!$D$5:$D$304,"<=4.5") -> 0 | J11: =COUNTIFS(RW_Register!$C$5:$C$304,$A11,RW_Register!$Y$5:$Y$304,"Approved",RW_Register!$D$5:$D$304,">4.5",RW_Register!$D$5:$D$304,"<=5.0") -> 0 | K11: =COUNTIFS(RW_Register!$C$5:$C$304,$A11,RW_Register!$Y$5:$Y$304,"Approved",RW_Register!$D$5:$D$304,">5.0",RW_Register!$D$5:$D$304,"<=6.0") -> 0
A12: Secant Pile | B12: =COUNTIFS(RW_Register!$C$5:$C$304,$A12,RW_Register!$Y$5:$Y$304,"Approved",RW_Register!$D$5:$D$304,">0",RW_Register!$D$5:$D$304,"<=1.0") -> 0 | C12: =COUNTIFS(RW_Register!$C$5:$C$304,$A12,RW_Register!$Y$5:$Y$304,"Approved",RW_Register!$D$5:$D$304,">1.0",RW_Register!$D$5:$D$304,"<=1.5") -> 0 | D12: =COUNTIFS(RW_Register!$C$5:$C$304,$A12,RW_Register!$Y$5:$Y$304,"Approved",RW_Register!$D$5:$D$304,">1.5",RW_Register!$D$5:$D$304,"<=2.0") -> 0 | E12: =COUNTIFS(RW_Register!$C$5:$C$304,$A12,RW_Register!$Y$5:$Y$304,"Approved",RW_Register!$D$5:$D$304,">2.0",RW_Register!$D$5:$D$304,"<=2.5") -> 0 | F12: =COUNTIFS(RW_Register!$C$5:$C$304,$A12,RW_Register!$Y$5:$Y$304,"Approved",RW_Register!$D$5:$D$304,">2.5",RW_Register!$D$5:$D$304,"<=3.0") -> 0 | G12: =COUNTIFS(RW_Register!$C$5:$C$304,$A12,RW_Register!$Y$5:$Y$304,"Approved",RW_Register!$D$5:$D$304,">3.0",RW_Register!$D$5:$D$304,"<=3.5") -> 0 | H12: =COUNTIFS(RW_Register!$C$5:$C$304,$A12,RW_Register!$Y$5:$Y$304,"Approved",RW_Register!$D$5:$D$304,">3.5",RW_Register!$D$5:$D$304,"<=4.0") -> 0 | I12: =COUNTIFS(RW_Register!$C$5:$C$304,$A12,RW_Register!$Y$5:$Y$304,"Approved",RW_Register!$D$5:$D$304,">4.0",RW_Register!$D$5:$D$304,"<=4.5") -> 0 | J12: =COUNTIFS(RW_Register!$C$5:$C$304,$A12,RW_Register!$Y$5:$Y$304,"Approved",RW_Register!$D$5:$D$304,">4.5",RW_Register!$D$5:$D$304,"<=5.0") -> 0 | K12: =COUNTIFS(RW_Register!$C$5:$C$304,$A12,RW_Register!$Y$5:$Y$304,"Approved",RW_Register!$D$5:$D$304,">5.0",RW_Register!$D$5:$D$304,"<=6.0") -> 0
A13: Gabion | B13: =COUNTIFS(RW_Register!$C$5:$C$304,$A13,RW_Register!$Y$5:$Y$304,"Approved",RW_Register!$D$5:$D$304,">0",RW_Register!$D$5:$D$304,"<=1.0") -> 0 | C13: =COUNTIFS(RW_Register!$C$5:$C$304,$A13,RW_Register!$Y$5:$Y$304,"Approved",RW_Register!$D$5:$D$304,">1.0",RW_Register!$D$5:$D$304,"<=1.5") -> 0 | D13: =COUNTIFS(RW_Register!$C$5:$C$304,$A13,RW_Register!$Y$5:$Y$304,"Approved",RW_Register!$D$5:$D$304,">1.5",RW_Register!$D$5:$D$304,"<=2.0") -> 0 | E13: =COUNTIFS(RW_Register!$C$5:$C$304,$A13,RW_Register!$Y$5:$Y$304,"Approved",RW_Register!$D$5:$D$304,">2.0",RW_Register!$D$5:$D$304,"<=2.5") -> 0 | F13: =COUNTIFS(RW_Register!$C$5:$C$304,$A13,RW_Register!$Y$5:$Y$304,"Approved",RW_Register!$D$5:$D$304,">2.5",RW_Register!$D$5:$D$304,"<=3.0") -> 0 | G13: =COUNTIFS(RW_Register!$C$5:$C$304,$A13,RW_Register!$Y$5:$Y$304,"Approved",RW_Register!$D$5:$D$304,">3.0",RW_Register!$D$5:$D$304,"<=3.5") -> 0 | H13: =COUNTIFS(RW_Register!$C$5:$C$304,$A13,RW_Register!$Y$5:$Y$304,"Approved",RW_Register!$D$5:$D$304,">3.5",RW_Register!$D$5:$D$304,"<=4.0") -> 0 | I13: =COUNTIFS(RW_Register!$C$5:$C$304,$A13,RW_Register!$Y$5:$Y$304,"Approved",RW_Register!$D$5:$D$304,">4.0",RW_Register!$D$5:$D$304,"<=4.5") -> 0 | J13: =COUNTIFS(RW_Register!$C$5:$C$304,$A13,RW_Register!$Y$5:$Y$304,"Approved",RW_Register!$D$5:$D$304,">4.5",RW_Register!$D$5:$D$304,"<=5.0") -> 0 | K13: =COUNTIFS(RW_Register!$C$5:$C$304,$A13,RW_Register!$Y$5:$Y$304,"Approved",RW_Register!$D$5:$D$304,">5.0",RW_Register!$D$5:$D$304,"<=6.0") -> 0
A15: Drains (U-Drain): internal width (mm) vs loading
A16: Loading | B16: 300 | C16: 450 | D16: 600 | E16: 750 | F16: 900 | G16: 1200 | H16: 1500 | I16: 1800 | J16: 2000
A17: Nil / Landscape | B17: =COUNTIFS(Drain_Register!$C$5:$C$304,"U-Drain",Drain_Register!$H$5:$H$304,$A17,Drain_Register!$S$5:$S$304,"Approved",Drain_Register!$D$5:$D$304,B$16) -> 0 | C17: =COUNTIFS(Drain_Register!$C$5:$C$304,"U-Drain",Drain_Register!$H$5:$H$304,$A17,Drain_Register!$S$5:$S$304,"Approved",Drain_Register!$D$5:$D$304,C$16) -> 0 | D17: =COUNTIFS(Drain_Register!$C$5:$C$304,"U-Drain",Drain_Register!$H$5:$H$304,$A17,Drain_Register!$S$5:$S$304,"Approved",Drain_Register!$D$5:$D$304,D$16) -> 0 | E17: =COUNTIFS(Drain_Register!$C$5:$C$304,"U-Drain",Drain_Register!$H$5:$H$304,$A17,Drain_Register!$S$5:$S$304,"Approved",Drain_Register!$D$5:$D$304,E$16) -> 0 | F17: =COUNTIFS(Drain_Register!$C$5:$C$304,"U-Drain",Drain_Register!$H$5:$H$304,$A17,Drain_Register!$S$5:$S$304,"Approved",Drain_Register!$D$5:$D$304,F$16) -> 0 | G17: =COUNTIFS(Drain_Register!$C$5:$C$304,"U-Drain",Drain_Register!$H$5:$H$304,$A17,Drain_Register!$S$5:$S$304,"Approved",Drain_Register!$D$5:$D$304,G$16) -> 0 | H17: =COUNTIFS(Drain_Register!$C$5:$C$304,"U-Drain",Drain_Register!$H$5:$H$304,$A17,Drain_Register!$S$5:$S$304,"Approved",Drain_Register!$D$5:$D$304,H$16) -> 0 | I17: =COUNTIFS(Drain_Register!$C$5:$C$304,"U-Drain",Drain_Register!$H$5:$H$304,$A17,Drain_Register!$S$5:$S$304,"Approved",Drain_Register!$D$5:$D$304,I$16) -> 0 | J17: =COUNTIFS(Drain_Register!$C$5:$C$304,"U-Drain",Drain_Register!$H$5:$H$304,$A17,Drain_Register!$S$5:$S$304,"Approved",Drain_Register!$D$5:$D$304,J$16) -> 0
A18: Pedestrian | B18: =COUNTIFS(Drain_Register!$C$5:$C$304,"U-Drain",Drain_Register!$H$5:$H$304,$A18,Drain_Register!$S$5:$S$304,"Approved",Drain_Register!$D$5:$D$304,B$16) -> 1 | C18: =COUNTIFS(Drain_Register!$C$5:$C$304,"U-Drain",Drain_Register!$H$5:$H$304,$A18,Drain_Register!$S$5:$S$304,"Approved",Drain_Register!$D$5:$D$304,C$16) -> 0 | D18: =COUNTIFS(Drain_Register!$C$5:$C$304,"U-Drain",Drain_Register!$H$5:$H$304,$A18,Drain_Register!$S$5:$S$304,"Approved",Drain_Register!$D$5:$D$304,D$16) -> 1 | E18: =COUNTIFS(Drain_Register!$C$5:$C$304,"U-Drain",Drain_Register!$H$5:$H$304,$A18,Drain_Register!$S$5:$S$304,"Approved",Drain_Register!$D$5:$D$304,E$16) -> 0 | F18: =COUNTIFS(Drain_Register!$C$5:$C$304,"U-Drain",Drain_Register!$H$5:$H$304,$A18,Drain_Register!$S$5:$S$304,"Approved",Drain_Register!$D$5:$D$304,F$16) -> 0 | G18: =COUNTIFS(Drain_Register!$C$5:$C$304,"U-Drain",Drain_Register!$H$5:$H$304,$A18,Drain_Register!$S$5:$S$304,"Approved",Drain_Register!$D$5:$D$304,G$16) -> 0 | H18: =COUNTIFS(Drain_Register!$C$5:$C$304,"U-Drain",Drain_Register!$H$5:$H$304,$A18,Drain_Register!$S$5:$S$304,"Approved",Drain_Register!$D$5:$D$304,H$16) -> 0 | I18: =COUNTIFS(Drain_Register!$C$5:$C$304,"U-Drain",Drain_Register!$H$5:$H$304,$A18,Drain_Register!$S$5:$S$304,"Approved",Drain_Register!$D$5:$D$304,I$16) -> 0 | J18: =COUNTIFS(Drain_Register!$C$5:$C$304,"U-Drain",Drain_Register!$H$5:$H$304,$A18,Drain_Register!$S$5:$S$304,"Approved",Drain_Register!$D$5:$D$304,J$16) -> 0
A19: Vehicular (LM1) | B19: =COUNTIFS(Drain_Register!$C$5:$C$304,"U-Drain",Drain_Register!$H$5:$H$304,$A19,Drain_Register!$S$5:$S$304,"Approved",Drain_Register!$D$5:$D$304,B$16) -> 0 | C19: =COUNTIFS(Drain_Register!$C$5:$C$304,"U-Drain",Drain_Register!$H$5:$H$304,$A19,Drain_Register!$S$5:$S$304,"Approved",Drain_Register!$D$5:$D$304,C$16) -> 0 | D19: =COUNTIFS(Drain_Register!$C$5:$C$304,"U-Drain",Drain_Register!$H$5:$H$304,$A19,Drain_Register!$S$5:$S$304,"Approved",Drain_Register!$D$5:$D$304,D$16) -> 1 | E19: =COUNTIFS(Drain_Register!$C$5:$C$304,"U-Drain",Drain_Register!$H$5:$H$304,$A19,Drain_Register!$S$5:$S$304,"Approved",Drain_Register!$D$5:$D$304,E$16) -> 0 | F19: =COUNTIFS(Drain_Register!$C$5:$C$304,"U-Drain",Drain_Register!$H$5:$H$304,$A19,Drain_Register!$S$5:$S$304,"Approved",Drain_Register!$D$5:$D$304,F$16) -> 1 | G19: =COUNTIFS(Drain_Register!$C$5:$C$304,"U-Drain",Drain_Register!$H$5:$H$304,$A19,Drain_Register!$S$5:$S$304,"Approved",Drain_Register!$D$5:$D$304,G$16) -> 0 | H19: =COUNTIFS(Drain_Register!$C$5:$C$304,"U-Drain",Drain_Register!$H$5:$H$304,$A19,Drain_Register!$S$5:$S$304,"Approved",Drain_Register!$D$5:$D$304,H$16) -> 0 | I19: =COUNTIFS(Drain_Register!$C$5:$C$304,"U-Drain",Drain_Register!$H$5:$H$304,$A19,Drain_Register!$S$5:$S$304,"Approved",Drain_Register!$D$5:$D$304,I$16) -> 0 | J19: =COUNTIFS(Drain_Register!$C$5:$C$304,"U-Drain",Drain_Register!$H$5:$H$304,$A19,Drain_Register!$S$5:$S$304,"Approved",Drain_Register!$D$5:$D$304,J$16) -> 0
A20: Heavy Vehicle / Fire Engine | B20: =COUNTIFS(Drain_Register!$C$5:$C$304,"U-Drain",Drain_Register!$H$5:$H$304,$A20,Drain_Register!$S$5:$S$304,"Approved",Drain_Register!$D$5:$D$304,B$16) -> 0 | C20: =COUNTIFS(Drain_Register!$C$5:$C$304,"U-Drain",Drain_Register!$H$5:$H$304,$A20,Drain_Register!$S$5:$S$304,"Approved",Drain_Register!$D$5:$D$304,C$16) -> 0 | D20: =COUNTIFS(Drain_Register!$C$5:$C$304,"U-Drain",Drain_Register!$H$5:$H$304,$A20,Drain_Register!$S$5:$S$304,"Approved",Drain_Register!$D$5:$D$304,D$16) -> 0 | E20: =COUNTIFS(Drain_Register!$C$5:$C$304,"U-Drain",Drain_Register!$H$5:$H$304,$A20,Drain_Register!$S$5:$S$304,"Approved",Drain_Register!$D$5:$D$304,E$16) -> 0 | F20: =COUNTIFS(Drain_Register!$C$5:$C$304,"U-Drain",Drain_Register!$H$5:$H$304,$A20,Drain_Register!$S$5:$S$304,"Approved",Drain_Register!$D$5:$D$304,F$16) -> 0 | G20: =COUNTIFS(Drain_Register!$C$5:$C$304,"U-Drain",Drain_Register!$H$5:$H$304,$A20,Drain_Register!$S$5:$S$304,"Approved",Drain_Register!$D$5:$D$304,G$16) -> 0 | H20: =COUNTIFS(Drain_Register!$C$5:$C$304,"U-Drain",Drain_Register!$H$5:$H$304,$A20,Drain_Register!$S$5:$S$304,"Approved",Drain_Register!$D$5:$D$304,H$16) -> 0 | I20: =COUNTIFS(Drain_Register!$C$5:$C$304,"U-Drain",Drain_Register!$H$5:$H$304,$A20,Drain_Register!$S$5:$S$304,"Approved",Drain_Register!$D$5:$D$304,I$16) -> 0 | J20: =COUNTIFS(Drain_Register!$C$5:$C$304,"U-Drain",Drain_Register!$H$5:$H$304,$A20,Drain_Register!$S$5:$S$304,"Approved",Drain_Register!$D$5:$D$304,J$16) -> 0
A22: Library status summary
A23: Status | B23: Drains | C23: Ret. Walls | D23: Others | E23: Total
A24: WIP | B24: =COUNTIF(Drain_Register!$S$5:$S$304,$A24) -> 0 | C24: =COUNTIF(RW_Register!$Y$5:$Y$304,$A24) -> 0 | D24: =COUNTIF(Other_Register!$N$5:$N$304,$A24) -> 1 | E24: =SUM(B24:D24) -> 1
A25: Checked | B25: =COUNTIF(Drain_Register!$S$5:$S$304,$A25) -> 1 | C25: =COUNTIF(RW_Register!$Y$5:$Y$304,$A25) -> 1 | D25: =COUNTIF(Other_Register!$N$5:$N$304,$A25) -> 1 | E25: =SUM(B25:D25) -> 3
A26: Approved | B26: =COUNTIF(Drain_Register!$S$5:$S$304,$A26) -> 6 | C26: =COUNTIF(RW_Register!$Y$5:$Y$304,$A26) -> 8 | D26: =COUNTIF(Other_Register!$N$5:$N$304,$A26) -> 4 | E26: =SUM(B26:D26) -> 18
A27: Superseded | B27: =COUNTIF(Drain_Register!$S$5:$S$304,$A27) -> 1 | C27: =COUNTIF(RW_Register!$Y$5:$Y$304,$A27) -> 0 | D27: =COUNTIF(Other_Register!$N$5:$N$304,$A27) -> 0 | E27: =SUM(B27:D27) -> 1

Sheet Lists
A1: Dropdown lists. Add items at the bottom of a list; codes feed the auto-generated Design IDs.
A3: DrainType | B3: Code | D3: Loading | E3: Code | G3: Construction | H3: Code | J3: CoverType | K3: Code | M3: WallType | N3: Code | P3: Status | Q3: Code | S3: YN | T3: Code | V3: SoilClass | W3: Code | Y3: Family | Z3: Code | AB3: Unit | AC3: Code | AE3: Grade | AF3: Code
A4: U-Drain | B4: UD | D4: Nil / Landscape | E4: NIL | G4: Cast-in-situ | J4: Open | M4: Cantilever RC | N4: CANT | P4: WIP | S4: Y | V4: Soft clay | Y4: LTA Linkway | Z4: LKW | AB4: m | AE4: C25/30
A5: Box Culvert | B5: BC | D5: Pedestrian | E5: PED | G5: Precast | J5: RC Cover Slab | M5: L-Wall | N5: LW | P5: Checked | S5: N | V5: Firm/stiff clay | Y5: Railing | Z5: RLG | AB5: nr | AE5: C28/35
A6: Sump | B6: SP | D6: Vehicular (LM1) | E6: VEH | J6: Steel Grating | M6: Gravity | N6: GRAV | P6: Approved | V6: Loose sand | Y6: Staircase | Z6: STR | AB6: m2 | AE6: C30/37
A7: Catchpit | B7: CP | D7: Heavy Vehicle / Fire Engine | E7: HVY | J7: Precast Cover | M7: Counterfort | N7: CF | P7: Superseded | V7: Dense sand | Y7: POB | Z7: POB | AB7: span | AE7: C32/40
A8: Scupper Drain | B8: SD | J8: Heavy Duty Grating | M8: Block / Segmental | N8: BLK | V8: Residual soil | Y8: USD | Z8: USD | AE8: C35/45
A9: Cascade Drain | B9: CD | M9: Sheet Pile | N9: SHP | V9: Fill | Y9: Others | Z9: OTH | AE9: C40/50
A10: Inspection Chamber | B10: IC | M10: Contiguous Bored Pile | N10: CBP
M11: Secant Pile | N11: SCP
M12: Gabion | N12: GAB

Sheet Drain_Register
A1: Drainage Standard Design Register
A2: One row per design variant. Design ID builds itself from Type, W, D, Loading and Rev. Quantities are per metre run (sumps/chambers: per nr).
A3: Yellow = you type / pick. Grey = automatic (formula). Green headers = tender quantities per unit. Green-shaded rows = EXAMPLE data, delete or overwrite.
A4: Design ID | B4: Description | C4: Drain Type | D4: Internal Width (mm) | E4: Internal Depth (mm) | F4: Wall Thk (mm) | G4: Base Thk (mm) | H4: Loading | I4: Construction | J4: Cover Type | K4: Concrete Grade | L4: Cover to Rebar (mm) | M4: Wall Main Bar | N4: Base Main Bar | O4: Distribution Bar | P4: Max Backfill / Surcharge | Q4: Code Basis | R4: Rev | S4: Status | T4: Drawing No. | U4: Tender Detail DWG (file / link) | V4: PDF (file / link) | W4: Calc Report (file / link) | X4: Concrete (m3/m) | Y4: Rebar (kg/m) | Z4: Formwork (m2/m) | AA4: Excavation (m3/m) | AB4: Limitations / Notes | AC4: Projects / Tenders Used | AD4: Designer | AE4: Checker | AF4: Approved By (QP) | AG4: Approval Date | AH4: Selector Key
A5: =IF(C5="","","DRN-"&IFERROR(VLOOKUP(C5,Lists!$A$4:$B$21,2,0),"??")&"-"&TEXT(D5,"0000")&"x"&TEXT(E5,"0000")&"-"&IFERROR(VLOOKUP(H5,Lists!$D$4:$E$18,2,0),"??")&"-"&R5) -> DRN-UD-0300x0450-PED-A | B5: =IF(C5="","",C5&" "&D5&"W x "&E5&"D, "&H5&", "&I5) -> U-Drain 300W x 450D, Pedestrian, Cast-in-situ | C5: U-Drain | D5: 300 | E5: 450 | F5: 125 | G5: 125 | H5: Pedestrian | I5: Cast-in-situ | J5: Steel Grating | K5: C32/40 | L5: 40 | M5: T10@200 | N5: T10@200 | O5: T10@250 | P5: 1.0 m / 5 kPa | Q5: SS EN 1992-1-1; PUB COP SWD | R5: A | S5: Approved | T5: STD-DRN-001 | U5: Drainage/DRN-UD-0300x0450-PED-A.dwg | V5: Drainage/DRN-UD-0300x0450-PED-A.pdf | W5: Drainage/Calcs/DRN-UD-0300x0450-PED-A_calc.pdf | X5: 0.2 | Y5: 18 | Z5: 2.2 | AA5: 0.95 | AB5: EXAMPLE values. Not for vehicular areas. | AD5: EXAMPLE | AE5: EXAMPLE | AF5: EXAMPLE | AG5: 46309 | AH5: =IF(C5="","",C5&"|"&D5&"|"&E5&"|"&H5&"|"&S5) -> U-Drain|300|450|Pedestrian|Approved
A6: =IF(C6="","","DRN-"&IFERROR(VLOOKUP(C6,Lists!$A$4:$B$21,2,0),"??")&"-"&TEXT(D6,"0000")&"x"&TEXT(E6,"0000")&"-"&IFERROR(VLOOKUP(H6,Lists!$D$4:$E$18,2,0),"??")&"-"&R6) -> DRN-UD-0600x0600-PED-A | B6: =IF(C6="","",C6&" "&D6&"W x "&E6&"D, "&H6&", "&I6) -> U-Drain 600W x 600D, Pedestrian, Cast-in-situ | C6: U-Drain | D6: 600 | E6: 600 | F6: 150 | G6: 150 | H6: Pedestrian | I6: Cast-in-situ | J6: RC Cover Slab | K6: C32/40 | L6: 40 | M6: T10@150 | N6: T10@150 | O6: T10@200 | P6: 1.0 m / 5 kPa | Q6: SS EN 1992-1-1; PUB COP SWD | R6: A | S6: Approved | T6: STD-DRN-002 | U6: Drainage/DRN-UD-0600x0600-PED-A.dwg | V6: Drainage/DRN-UD-0600x0600-PED-A.pdf | W6: Drainage/Calcs/DRN-UD-0600x0600-PED-A_calc.pdf | X6: 0.315 | Y6: 30 | Z6: 2.85 | AA6: 1.6 | AB6: EXAMPLE values. | AD6: EXAMPLE | AE6: EXAMPLE | AF6: EXAMPLE | AG6: 46309 | AH6: =IF(C6="","",C6&"|"&D6&"|"&E6&"|"&H6&"|"&S6) -> U-Drain|600|600|Pedestrian|Approved
A7: =IF(C7="","","DRN-"&IFERROR(VLOOKUP(C7,Lists!$A$4:$B$21,2,0),"??")&"-"&TEXT(D7,"0000")&"x"&TEXT(E7,"0000")&"-"&IFERROR(VLOOKUP(H7,Lists!$D$4:$E$18,2,0),"??")&"-"&R7) -> DRN-UD-0600x0900-VEH-B | B7: =IF(C7="","",C7&" "&D7&"W x "&E7&"D, "&H7&", "&I7) -> U-Drain 600W x 900D, Vehicular (LM1), Cast-in-situ | C7: U-Drain | D7: 600 | E7: 900 | F7: 150 | G7: 150 | H7: Vehicular (LM1) | I7: Cast-in-situ | J7: Heavy Duty Grating | K7: C32/40 | L7: 40 | M7: T13@150 | N7: T13@150 | O7: T10@200 | P7: 1.5 m / 10 kPa | Q7: SS EN 1992-1-1; PUB COP SWD | R7: B | S7: Approved | T7: STD-DRN-003 | U7: Drainage/DRN-UD-0600x0900-VEH-B.dwg | V7: Drainage/DRN-UD-0600x0900-VEH-B.pdf | W7: Drainage/Calcs/DRN-UD-0600x0900-VEH-B_calc.pdf | X7: 0.405 | Y7: 48 | Z7: 3.75 | AA7: 2.1 | AB7: EXAMPLE values. Rev A superseded (cover increased). | AC7: EXAMPLE Tender T-2026-01 | AD7: EXAMPLE | AE7: EXAMPLE | AF7: EXAMPLE | AG7: 46309 | AH7: =IF(C7="","",C7&"|"&D7&"|"&E7&"|"&H7&"|"&S7) -> U-Drain|600|900|Vehicular (LM1)|Approved
A8: =IF(C8="","","DRN-"&IFERROR(VLOOKUP(C8,Lists!$A$4:$B$21,2,0),"??")&"-"&TEXT(D8,"0000")&"x"&TEXT(E8,"0000")&"-"&IFERROR(VLOOKUP(H8,Lists!$D$4:$E$18,2,0),"??")&"-"&R8) -> DRN-UD-0600x0900-VEH-A | B8: =IF(C8="","",C8&" "&D8&"W x "&E8&"D, "&H8&", "&I8) -> U-Drain 600W x 900D, Vehicular (LM1), Cast-in-situ | C8: U-Drain | D8: 600 | E8: 900 | F8: 150 | G8: 150 | H8: Vehicular (LM1) | I8: Cast-in-situ | J8: Heavy Duty Grating | K8: C32/40 | L8: 40 | M8: T13@200 | N8: T13@200 | O8: T10@200 | P8: 1.5 m / 10 kPa | Q8: SS EN 1992-1-1; PUB COP SWD | R8: A | S8: Superseded | T8: STD-DRN-003 | U8: Drainage/DRN-UD-0600x0900-VEH-A.dwg | V8: Drainage/DRN-UD-0600x0900-VEH-A.pdf | W8: Drainage/Calcs/DRN-UD-0600x0900-VEH-A_calc.pdf | X8: 0.405 | Y8: 42 | Z8: 3.75 | AA8: 2.1 | AB8: EXAMPLE. Superseded by Rev B. | AD8: EXAMPLE | AE8: EXAMPLE | AF8: EXAMPLE | AG8: 46309 | AH8: =IF(C8="","",C8&"|"&D8&"|"&E8&"|"&H8&"|"&S8) -> U-Drain|600|900|Vehicular (LM1)|Superseded
A9: =IF(C9="","","DRN-"&IFERROR(VLOOKUP(C9,Lists!$A$4:$B$21,2,0),"??")&"-"&TEXT(D9,"0000")&"x"&TEXT(E9,"0000")&"-"&IFERROR(VLOOKUP(H9,Lists!$D$4:$E$18,2,0),"??")&"-"&R9) -> DRN-UD-0900x1200-VEH-A | B9: =IF(C9="","",C9&" "&D9&"W x "&E9&"D, "&H9&", "&I9) -> U-Drain 900W x 1200D, Vehicular (LM1), Cast-in-situ | C9: U-Drain | D9: 900 | E9: 1200 | F9: 200 | G9: 200 | H9: Vehicular (LM1) | I9: Cast-in-situ | J9: RC Cover Slab | K9: C32/40 | L9: 40 | M9: T16@150 | N9: T16@150 | O9: T13@200 | P9: 2.0 m / 10 kPa | Q9: SS EN 1992-1-1; PUB COP SWD | R9: A | S9: Approved | T9: STD-DRN-004 | U9: Drainage/DRN-UD-0900x1200-VEH-A.dwg | V9: Drainage/DRN-UD-0900x1200-VEH-A.pdf | W9: Drainage/Calcs/DRN-UD-0900x1200-VEH-A_calc.pdf | X9: 0.86 | Y9: 95 | Z9: 5.2 | AA9: 3.4 | AB9: EXAMPLE values. | AD9: EXAMPLE | AE9: EXAMPLE | AF9: EXAMPLE | AG9: 46309 | AH9: =IF(C9="","",C9&"|"&D9&"|"&E9&"|"&H9&"|"&S9) -> U-Drain|900|1200|Vehicular (LM1)|Approved
A10: =IF(C10="","","DRN-"&IFERROR(VLOOKUP(C10,Lists!$A$4:$B$21,2,0),"??")&"-"&TEXT(D10,"0000")&"x"&TEXT(E10,"0000")&"-"&IFERROR(VLOOKUP(H10,Lists!$D$4:$E$18,2,0),"??")&"-"&R10) -> DRN-UD-1200x1500-HVY-A | B10: =IF(C10="","",C10&" "&D10&"W x "&E10&"D, "&H10&", "&I10) -> U-Drain 1200W x 1500D, Heavy Vehicle / Fire Engine, Cast-in-situ | C10: U-Drain | D10: 1200 | E10: 1500 | F10: 250 | G10: 250 | H10: Heavy Vehicle / Fire Engine | I10: Cast-in-situ | J10: RC Cover Slab | K10: C32/40 | L10: 40 | M10: T20@150 | N10: T20@150 | O10: T13@150 | P10: 2.0 m / 20 kPa | Q10: SS EN 1992-1-1; PUB COP SWD | R10: A | S10: Checked | T10: STD-DRN-005 | U10: Drainage/DRN-UD-1200x1500-HVY-A.dwg | V10: Drainage/DRN-UD-1200x1500-HVY-A.pdf | W10: Drainage/Calcs/DRN-UD-1200x1500-HVY-A_calc.pdf | X10: 1.475 | Y10: 165 | Z10: 6.5 | AA10: 5.1 | AB10: EXAMPLE values. Awaiting QP approval. | AD10: EXAMPLE | AE10: EXAMPLE | AF10: EXAMPLE | AG10: 46309 | AH10: =IF(C10="","",C10&"|"&D10&"|"&E10&"|"&H10&"|"&S10) -> U-Drain|1200|1500|Heavy Vehicle / Fire Engine|Checked
A11: =IF(C11="","","DRN-"&IFERROR(VLOOKUP(C11,Lists!$A$4:$B$21,2,0),"??")&"-"&TEXT(D11,"0000")&"x"&TEXT(E11,"0000")&"-"&IFERROR(VLOOKUP(H11,Lists!$D$4:$E$18,2,0),"??")&"-"&R11) -> DRN-BC-1500x1500-VEH-A | B11: =IF(C11="","",C11&" "&D11&"W x "&E11&"D, "&H11&", "&I11) -> Box Culvert 1500W x 1500D, Vehicular (LM1), Precast | C11: Box Culvert | D11: 1500 | E11: 1500 | F11: 250 | G11: 250 | H11: Vehicular (LM1) | I11: Precast | J11: Open | K11: C32/40 | L11: 40 | M11: T16@150 | N11: T16@150 | O11: T13@200 | P11: 1.0-3.0 m fill | Q11: SS EN 1992-1-1; PUB COP SWD | R11: A | S11: Approved | T11: STD-DRN-006 | U11: Drainage/DRN-BC-1500x1500-VEH-A.dwg | V11: Drainage/DRN-BC-1500x1500-VEH-A.pdf | W11: Drainage/Calcs/DRN-BC-1500x1500-VEH-A_calc.pdf | X11: 1.75 | Y11: 180 | Z11: 0 | AA11: 7.2 | AB11: EXAMPLE values. Precast: formwork by supplier. | AD11: EXAMPLE | AE11: EXAMPLE | AF11: EXAMPLE | AG11: 46309 | AH11: =IF(C11="","",C11&"|"&D11&"|"&E11&"|"&H11&"|"&S11) -> Box Culvert|1500|1500|Vehicular (LM1)|Approved
A12: =IF(C12="","","DRN-"&IFERROR(VLOOKUP(C12,Lists!$A$4:$B$21,2,0),"??")&"-"&TEXT(D12,"0000")&"x"&TEXT(E12,"0000")&"-"&IFERROR(VLOOKUP(H12,Lists!$D$4:$E$18,2,0),"??")&"-"&R12) -> DRN-SP-0900x1200-PED-A | B12: =IF(C12="","",C12&" "&D12&"W x "&E12&"D, "&H12&", "&I12) -> Sump 900W x 1200D, Pedestrian, Cast-in-situ | C12: Sump | D12: 900 | E12: 1200 | F12: 200 | G12: 200 | H12: Pedestrian | I12: Cast-in-situ | J12: Steel Grating | K12: C32/40 | L12: 40 | M12: T13@150 | N12: T13@150 | O12: T10@200 | P12: - | Q12: SS EN 1992-1-1; PUB COP SWD | R12: A | S12: Approved | T12: STD-DRN-007 | U12: Drainage/DRN-SP-0900x1200-PED-A.dwg | V12: Drainage/DRN-SP-0900x1200-PED-A.pdf | W12: Drainage/Calcs/DRN-SP-0900x1200-PED-A_calc.pdf | X12: 1.25 | Y12: 110 | Z12: 9.8 | AA12: 3.2 | AB12: EXAMPLE. Quantities per NR (not per m). | AD12: EXAMPLE | AE12: EXAMPLE | AF12: EXAMPLE | AG12: 46309 | AH12: =IF(C12="","",C12&"|"&D12&"|"&E12&"|"&H12&"|"&S12) -> Sump|900|1200|Pedestrian|Approved
A13: =IF(C13="","","DRN-"&IFERROR(VLOOKUP(C13,Lists!$A$4:$B$21,2,0),"??")&"-"&TEXT(D13,"0000")&"x"&TEXT(E13,"0000")&"-"&IFERROR(VLOOKUP(H13,Lists!$D$4:$E$18,2,0),"??")&"-"&R13) | B13: =IF(C13="","",C13&" "&D13&"W x "&E13&"D, "&H13&", "&I13) | AH13: =IF(C13="","",C13&"|"&D13&"|"&E13&"|"&H13&"|"&S13)
A14: =IF(C14="","","DRN-"&IFERROR(VLOOKUP(C14,Lists!$A$4:$B$21,2,0),"??")&"-"&TEXT(D14,"0000")&"x"&TEXT(E14,"0000")&"-"&IFERROR(VLOOKUP(H14,Lists!$D$4:$E$18,2,0),"??")&"-"&R14) | B14: =IF(C14="","",C14&" "&D14&"W x "&E14&"D, "&H14&", "&I14) | AH14: =IF(C14="","",C14&"|"&D14&"|"&E14&"|"&H14&"|"&S14)
A15: =IF(C15="","","DRN-"&IFERROR(VLOOKUP(C15,Lists!$A$4:$B$21,2,0),"??")&"-"&TEXT(D15,"0000")&"x"&TEXT(E15,"0000")&"-"&IFERROR(VLOOKUP(H15,Lists!$D$4:$E$18,2,0),"??")&"-"&R15) | B15: =IF(C15="","",C15&" "&D15&"W x "&E15&"D, "&H15&", "&I15) | AH15: =IF(C15="","",C15&"|"&D15&"|"&E15&"|"&H15&"|"&S15)
A16: =IF(C16="","","DRN-"&IFERROR(VLOOKUP(C16,Lists!$A$4:$B$21,2,0),"??")&"-"&TEXT(D16,"0000")&"x"&TEXT(E16,"0000")&"-"&IFERROR(VLOOKUP(H16,Lists!$D$4:$E$18,2,0),"??")&"-"&R16) | B16: =IF(C16="","",C16&" "&D16&"W x "&E16&"D, "&H16&", "&I16) | AH16: =IF(C16="","",C16&"|"&D16&"|"&E16&"|"&H16&"|"&S16)
A17: =IF(C17="","","DRN-"&IFERROR(VLOOKUP(C17,Lists!$A$4:$B$21,2,0),"??")&"-"&TEXT(D17,"0000")&"x"&TEXT(E17,"0000")&"-"&IFERROR(VLOOKUP(H17,Lists!$D$4:$E$18,2,0),"??")&"-"&R17) | B17: =IF(C17="","",C17&" "&D17&"W x "&E17&"D, "&H17&", "&I17) | AH17: =IF(C17="","",C17&"|"&D17&"|"&E17&"|"&H17&"|"&S17)
A18: =IF(C18="","","DRN-"&IFERROR(VLOOKUP(C18,Lists!$A$4:$B$21,2,0),"??")&"-"&TEXT(D18,"0000")&"x"&TEXT(E18,"0000")&"-"&IFERROR(VLOOKUP(H18,Lists!$D$4:$E$18,2,0),"??")&"-"&R18) | B18: =IF(C18="","",C18&" "&D18&"W x "&E18&"D, "&H18&", "&I18) | AH18: =IF(C18="","",C18&"|"&D18&"|"&E18&"|"&H18&"|"&S18)
A19: =IF(C19="","","DRN-"&IFERROR(VLOOKUP(C19,Lists!$A$4:$B$21,2,0),"??")&"-"&TEXT(D19,"0000")&"x"&TEXT(E19,"0000")&"-"&IFERROR(VLOOKUP(H19,Lists!$D$4:$E$18,2,0),"??")&"-"&R19) | B19: =IF(C19="","",C19&" "&D19&"W x "&E19&"D, "&H19&", "&I19) | AH19: =IF(C19="","",C19&"|"&D19&"|"&E19&"|"&H19&"|"&S19)
A20: =IF(C20="","","DRN-"&IFERROR(VLOOKUP(C20,Lists!$A$4:$B$21,2,0),"??")&"-"&TEXT(D20,"0000")&"x"&TEXT(E20,"0000")&"-"&IFERROR(VLOOKUP(H20,Lists!$D$4:$E$18,2,0),"??")&"-"&R20) | B20: =IF(C20="","",C20&" "&D20&"W x "&E20&"D, "&H20&", "&I20) | AH20: =IF(C20="","",C20&"|"&D20&"|"&E20&"|"&H20&"|"&S20)
A21: =IF(C21="","","DRN-"&IFERROR(VLOOKUP(C21,Lists!$A$4:$B$21,2,0),"??")&"-"&TEXT(D21,"0000")&"x"&TEXT(E21,"0000")&"-"&IFERROR(VLOOKUP(H21,Lists!$D$4:$E$18,2,0),"??")&"-"&R21) | B21: =IF(C21="","",C21&" "&D21&"W x "&E21&"D, "&H21&", "&I21) | AH21: =IF(C21="","",C21&"|"&D21&"|"&E21&"|"&H21&"|"&S21)
A22: =IF(C22="","","DRN-"&IFERROR(VLOOKUP(C22,Lists!$A$4:$B$21,2,0),"??")&"-"&TEXT(D22,"0000")&"x"&TEXT(E22,"0000")&"-"&IFERROR(VLOOKUP(H22,Lists!$D$4:$E$18,2,0),"??")&"-"&R22) | B22: =IF(C22="","",C22&" "&D22&"W x "&E22&"D, "&H22&", "&I22) | AH22: =IF(C22="","",C22&"|"&D22&"|"&E22&"|"&H22&"|"&S22)
A23: =IF(C23="","","DRN-"&IFERROR(VLOOKUP(C23,Lists!$A$4:$B$21,2,0),"??")&"-"&TEXT(D23,"0000")&"x"&TEXT(E23,"0000")&"-"&IFERROR(VLOOKUP(H23,Lists!$D$4:$E$18,2,0),"??")&"-"&R23) | B23: =IF(C23="","",C23&" "&D23&"W x "&E23&"D, "&H23&", "&I23) | AH23: =IF(C23="","",C23&"|"&D23&"|"&E23&"|"&H23&"|"&S23)
A24: =IF(C24="","","DRN-"&IFERROR(VLOOKUP(C24,Lists!$A$4:$B$21,2,0),"??")&"-"&TEXT(D24,"0000")&"x"&TEXT(E24,"0000")&"-"&IFERROR(VLOOKUP(H24,Lists!$D$4:$E$18,2,0),"??")&"-"&R24) | B24: =IF(C24="","",C24&" "&D24&"W x "&E24&"D, "&H24&", "&I24) | AH24: =IF(C24="","",C24&"|"&D24&"|"&E24&"|"&H24&"|"&S24)
... A304: =IF(C304="","","DRN-"&IFERROR(VLOOKUP(C304,Lists!$A$4:$B$21,2,0),"??")&"-"&TEXT(D304,"0000")&"x"&TEXT(E304,"0000")&"-"&IFERROR(VLOOKUP(H304,Lists!$D$4:$E$18,2,0),"??")&"-"&R304) | B304: =IF(C304="","",C304&" "&D304&"W x "&E304&"D, "&H304&", "&I304) | AH304: =IF(C304="","",C304&"|"&D304&"|"&E304&"|"&H304&"|"&S304)

Sheet RW_Register
A1: Retaining Wall Standard Design Register
A2: One row per design variant. Design ID builds itself from Type, H, surcharge, GWT and Rev. Quantities per metre run of wall.
A3: Yellow = you type / pick. Grey = automatic (formula). Green headers = tender quantities per unit. Green-shaded rows = EXAMPLE data, delete or overwrite.
A4: Design ID | B4: Description | C4: Wall Type | D4: Retained Height (m) | E4: Surcharge (kPa) | F4: GWT Behind Wall (Y/N) | G4: Soil Class | H4: phi' (deg) | I4: gamma (kN/m3) | J4: Stem Top Thk (mm) | K4: Stem Bottom Thk (mm) | L4: Base Width (mm) | M4: Toe (mm) | N4: Heel (mm) | O4: Base Thk (mm) | P4: Concrete Grade | Q4: Cover (mm) | R4: Stem Main Bar | S4: Base Main Bar | T4: FOS Sliding | U4: FOS Overturning | V4: Max Bearing (kPa) | W4: Code Basis | X4: Rev | Y4: Status | Z4: Drawing No. | AA4: Tender Detail DWG (file / link) | AB4: PDF (file / link) | AC4: Calc Report (file / link) | AD4: Concrete (m3/m) | AE4: Rebar (kg/m) | AF4: Formwork (m2/m) | AG4: Excavation (m3/m) | AH4: Limitations / Notes | AI4: Projects / Tenders Used | AJ4: Designer | AK4: Checker | AL4: Approved By (QP) | AM4: Approval Date | AN4: Selector Key
A5: =IF(C5="","","RW-"&IFERROR(VLOOKUP(C5,Lists!$M$4:$N$23,2,0),"??")&"-H"&TEXT(D5*1000,"0000")&"-S"&E5&IF(F5="Y","-GW","")&"-"&X5) -> RW-LW-H1000-S10-A | B5: =IF(C5="","",C5&", H = "&TEXT(D5,"0.0")&" m, q = "&E5&" kPa"&IF(F5="Y",", with GWT","")) -> L-Wall, H = 1.0 m, q = 10 kPa | C5: L-Wall | D5: 1 | E5: 10 | F5: N | G5: Firm/stiff clay | H5: 26 | I5: 19 | J5: 200 | K5: 200 | L5: 1200 | M5: 0 | N5: 1000 | O5: 250 | P5: C32/40 | Q5: 50 | R5: T10@200 | S5: T10@200 | T5: 1.6 | U5: 2.4 | V5: 60 | W5: SS EN 1997-1 DA1; SS EN 1992-1-1 | X5: A | Y5: Approved | Z5: STD-RW-001 | AA5: RetainingWall/RW-LW-H1000-S10-A.dwg | AB5: RetainingWall/RW-LW-H1000-S10-A.pdf | AC5: RetainingWall/Calcs/RW-LW-H1000-S10-A_calc.pdf | AD5: 0.5 | AE5: 35 | AF5: 2.5 | AG5: 1.8 | AH5: EXAMPLE values. | AJ5: EXAMPLE | AK5: EXAMPLE | AL5: EXAMPLE | AM5: 46309 | AN5: =IF(C5="","",C5&"|"&D5&"|"&E5&"|"&F5&"|"&Y5) -> L-Wall|1|10|N|Approved
A6: =IF(C6="","","RW-"&IFERROR(VLOOKUP(C6,Lists!$M$4:$N$23,2,0),"??")&"-H"&TEXT(D6*1000,"0000")&"-S"&E6&IF(F6="Y","-GW","")&"-"&X6) -> RW-CANT-H1500-S10-A | B6: =IF(C6="","",C6&", H = "&TEXT(D6,"0.0")&" m, q = "&E6&" kPa"&IF(F6="Y",", with GWT","")) -> Cantilever RC, H = 1.5 m, q = 10 kPa | C6: Cantilever RC | D6: 1.5 | E6: 10 | F6: N | G6: Firm/stiff clay | H6: 26 | I6: 19 | J6: 200 | K6: 250 | L6: 1500 | M6: 400 | N6: 850 | O6: 300 | P6: C32/40 | Q6: 50 | R6: T13@200 | S6: T13@200 | T6: 1.6 | U6: 2.3 | V6: 75 | W6: SS EN 1997-1 DA1; SS EN 1992-1-1 | X6: A | Y6: Approved | Z6: STD-RW-002 | AA6: RetainingWall/RW-CANT-H1500-S10-A.dwg | AB6: RetainingWall/RW-CANT-H1500-S10-A.pdf | AC6: RetainingWall/Calcs/RW-CANT-H1500-S10-A_calc.pdf | AD6: 0.85 | AE6: 62 | AF6: 3.6 | AG6: 2.6 | AH6: EXAMPLE values. | AJ6: EXAMPLE | AK6: EXAMPLE | AL6: EXAMPLE | AM6: 46309 | AN6: =IF(C6="","",C6&"|"&D6&"|"&E6&"|"&F6&"|"&Y6) -> Cantilever RC|1.5|10|N|Approved
A7: =IF(C7="","","RW-"&IFERROR(VLOOKUP(C7,Lists!$M$4:$N$23,2,0),"??")&"-H"&TEXT(D7*1000,"0000")&"-S"&E7&IF(F7="Y","-GW","")&"-"&X7) -> RW-CANT-H2000-S10-A | B7: =IF(C7="","",C7&", H = "&TEXT(D7,"0.0")&" m, q = "&E7&" kPa"&IF(F7="Y",", with GWT","")) -> Cantilever RC, H = 2.0 m, q = 10 kPa | C7: Cantilever RC | D7: 2 | E7: 10 | F7: N | G7: Firm/stiff clay | H7: 26 | I7: 19 | J7: 200 | K7: 300 | L7: 1900 | M7: 500 | N7: 1100 | O7: 350 | P7: C32/40 | Q7: 50 | R7: T13@150 | S7: T13@150 | T7: 1.5 | U7: 2.2 | V7: 90 | W7: SS EN 1997-1 DA1; SS EN 1992-1-1 | X7: A | Y7: Approved | Z7: STD-RW-003 | AA7: RetainingWall/RW-CANT-H2000-S10-A.dwg | AB7: RetainingWall/RW-CANT-H2000-S10-A.pdf | AC7: RetainingWall/Calcs/RW-CANT-H2000-S10-A_calc.pdf | AD7: 1.2 | AE7: 88 | AF7: 4.7 | AG7: 3.5 | AH7: EXAMPLE values. | AJ7: EXAMPLE | AK7: EXAMPLE | AL7: EXAMPLE | AM7: 46309 | AN7: =IF(C7="","",C7&"|"&D7&"|"&E7&"|"&F7&"|"&Y7) -> Cantilever RC|2|10|N|Approved
A8: =IF(C8="","","RW-"&IFERROR(VLOOKUP(C8,Lists!$M$4:$N$23,2,0),"??")&"-H"&TEXT(D8*1000,"0000")&"-S"&E8&IF(F8="Y","-GW","")&"-"&X8) -> RW-CANT-H2500-S10-A | B8: =IF(C8="","",C8&", H = "&TEXT(D8,"0.0")&" m, q = "&E8&" kPa"&IF(F8="Y",", with GWT","")) -> Cantilever RC, H = 2.5 m, q = 10 kPa | C8: Cantilever RC | D8: 2.5 | E8: 10 | F8: N | G8: Firm/stiff clay | H8: 26 | I8: 19 | J8: 200 | K8: 350 | L8: 2300 | M8: 600 | N8: 1350 | O8: 400 | P8: C32/40 | Q8: 50 | R8: T16@150 | S8: T16@150 | T8: 1.5 | U8: 2.1 | V8: 105 | W8: SS EN 1997-1 DA1; SS EN 1992-1-1 | X8: A | Y8: Approved | Z8: STD-RW-004 | AA8: RetainingWall/RW-CANT-H2500-S10-A.dwg | AB8: RetainingWall/RW-CANT-H2500-S10-A.pdf | AC8: RetainingWall/Calcs/RW-CANT-H2500-S10-A_calc.pdf | AD8: 1.62 | AE8: 120 | AF8: 5.8 | AG8: 4.4 | AH8: EXAMPLE values. | AJ8: EXAMPLE | AK8: EXAMPLE | AL8: EXAMPLE | AM8: 46309 | AN8: =IF(C8="","",C8&"|"&D8&"|"&E8&"|"&F8&"|"&Y8) -> Cantilever RC|2.5|10|N|Approved
A9: =IF(C9="","","RW-"&IFERROR(VLOOKUP(C9,Lists!$M$4:$N$23,2,0),"??")&"-H"&TEXT(D9*1000,"0000")&"-S"&E9&IF(F9="Y","-GW","")&"-"&X9) -> RW-CANT-H3000-S10-A | B9: =IF(C9="","",C9&", H = "&TEXT(D9,"0.0")&" m, q = "&E9&" kPa"&IF(F9="Y",", with GWT","")) -> Cantilever RC, H = 3.0 m, q = 10 kPa | C9: Cantilever RC | D9: 3 | E9: 10 | F9: N | G9: Firm/stiff clay | H9: 26 | I9: 19 | J9: 200 | K9: 400 | L9: 2700 | M9: 700 | N9: 1600 | O9: 450 | P9: C32/40 | Q9: 50 | R9: T16@125 | S9: T16@150 | T9: 1.5 | U9: 2 | V9: 120 | W9: SS EN 1997-1 DA1; SS EN 1992-1-1 | X9: A | Y9: Approved | Z9: STD-RW-005 | AA9: RetainingWall/RW-CANT-H3000-S10-A.dwg | AB9: RetainingWall/RW-CANT-H3000-S10-A.pdf | AC9: RetainingWall/Calcs/RW-CANT-H3000-S10-A_calc.pdf | AD9: 2.08 | AE9: 160 | AF9: 6.9 | AG9: 5.4 | AH9: EXAMPLE values. | AJ9: EXAMPLE | AK9: EXAMPLE | AL9: EXAMPLE | AM9: 46309 | AN9: =IF(C9="","",C9&"|"&D9&"|"&E9&"|"&F9&"|"&Y9) -> Cantilever RC|3|10|N|Approved
A10: =IF(C10="","","RW-"&IFERROR(VLOOKUP(C10,Lists!$M$4:$N$23,2,0),"??")&"-H"&TEXT(D10*1000,"0000")&"-S"&E10&IF(F10="Y","-GW","")&"-"&X10) -> RW-CANT-H3500-S10-A | B10: =IF(C10="","",C10&", H = "&TEXT(D10,"0.0")&" m, q = "&E10&" kPa"&IF(F10="Y",", with GWT","")) -> Cantilever RC, H = 3.5 m, q = 10 kPa | C10: Cantilever RC | D10: 3.5 | E10: 10 | F10: N | G10: Firm/stiff clay | H10: 26 | I10: 19 | J10: 250 | K10: 450 | L10: 3100 | M10: 800 | N10: 1850 | O10: 500 | P10: C32/40 | Q10: 50 | R10: T20@150 | S10: T16@125 | T10: 1.5 | U10: 2 | V10: 135 | W10: SS EN 1997-1 DA1; SS EN 1992-1-1 | X10: A | Y10: Approved | Z10: STD-RW-006 | AA10: RetainingWall/RW-CANT-H3500-S10-A.dwg | AB10: RetainingWall/RW-CANT-H3500-S10-A.pdf | AC10: RetainingWall/Calcs/RW-CANT-H3500-S10-A_calc.pdf | AD10: 2.65 | AE10: 210 | AF10: 8 | AG10: 6.6 | AH10: EXAMPLE values. | AJ10: EXAMPLE | AK10: EXAMPLE | AL10: EXAMPLE | AM10: 46309 | AN10: =IF(C10="","",C10&"|"&D10&"|"&E10&"|"&F10&"|"&Y10) -> Cantilever RC|3.5|10|N|Approved
A11: =IF(C11="","","RW-"&IFERROR(VLOOKUP(C11,Lists!$M$4:$N$23,2,0),"??")&"-H"&TEXT(D11*1000,"0000")&"-S"&E11&IF(F11="Y","-GW","")&"-"&X11) -> RW-CANT-H3000-S20-GW-A | B11: =IF(C11="","",C11&", H = "&TEXT(D11,"0.0")&" m, q = "&E11&" kPa"&IF(F11="Y",", with GWT","")) -> Cantilever RC, H = 3.0 m, q = 20 kPa, with GWT | C11: Cantilever RC | D11: 3 | E11: 20 | F11: Y | G11: Firm/stiff clay | H11: 26 | I11: 19 | J11: 250 | K11: 450 | L11: 3200 | M11: 800 | N11: 1950 | O11: 500 | P11: C32/40 | Q11: 50 | R11: T20@150 | S11: T20@150 | T11: 1.5 | U11: 2 | V11: 140 | W11: SS EN 1997-1 DA1; SS EN 1992-1-1 | X11: A | Y11: Approved | Z11: STD-RW-007 | AA11: RetainingWall/RW-CANT-H3000-S20-GW-A.dwg | AB11: RetainingWall/RW-CANT-H3000-S20-GW-A.pdf | AC11: RetainingWall/Calcs/RW-CANT-H3000-S20-GW-A_calc.pdf | AD11: 2.55 | AE11: 205 | AF11: 7.1 | AG11: 6.3 | AH11: EXAMPLE values. GWT at 1/2 H behind wall. | AJ11: EXAMPLE | AK11: EXAMPLE | AL11: EXAMPLE | AM11: 46309 | AN11: =IF(C11="","",C11&"|"&D11&"|"&E11&"|"&F11&"|"&Y11) -> Cantilever RC|3|20|Y|Approved
A12: =IF(C12="","","RW-"&IFERROR(VLOOKUP(C12,Lists!$M$4:$N$23,2,0),"??")&"-H"&TEXT(D12*1000,"0000")&"-S"&E12&IF(F12="Y","-GW","")&"-"&X12) -> RW-CANT-H4500-S10-A | B12: =IF(C12="","",C12&", H = "&TEXT(D12,"0.0")&" m, q = "&E12&" kPa"&IF(F12="Y",", with GWT","")) -> Cantilever RC, H = 4.5 m, q = 10 kPa | C12: Cantilever RC | D12: 4.5 | E12: 10 | F12: N | G12: Firm/stiff clay | H12: 26 | I12: 19 | J12: 250 | K12: 550 | L12: 3900 | M12: 1000 | N12: 2350 | O12: 600 | P12: C32/40 | Q12: 50 | R12: T25@150 | S12: T20@125 | T12: 1.5 | U12: 2 | V12: 165 | W12: SS EN 1997-1 DA1; SS EN 1992-1-1 | X12: A | Y12: Checked | Z12: STD-RW-008 | AA12: RetainingWall/RW-CANT-H4500-S10-A.dwg | AB12: RetainingWall/RW-CANT-H4500-S10-A.pdf | AC12: RetainingWall/Calcs/RW-CANT-H4500-S10-A_calc.pdf | AD12: 3.9 | AE12: 330 | AF12: 10.2 | AG12: 9 | AH12: EXAMPLE values. Awaiting QP approval. | AJ12: EXAMPLE | AK12: EXAMPLE | AL12: EXAMPLE | AM12: 46309 | AN12: =IF(C12="","",C12&"|"&D12&"|"&E12&"|"&F12&"|"&Y12) -> Cantilever RC|4.5|10|N|Checked
A13: =IF(C13="","","RW-"&IFERROR(VLOOKUP(C13,Lists!$M$4:$N$23,2,0),"??")&"-H"&TEXT(D13*1000,"0000")&"-S"&E13&IF(F13="Y","-GW","")&"-"&X13) -> RW-GRAV-H1500-S5-A | B13: =IF(C13="","",C13&", H = "&TEXT(D13,"0.0")&" m, q = "&E13&" kPa"&IF(F13="Y",", with GWT","")) -> Gravity, H = 1.5 m, q = 5 kPa | C13: Gravity | D13: 1.5 | E13: 5 | F13: N | G13: Dense sand | H13: 32 | I13: 19 | J13: 400 | K13: 700 | L13: 1100 | M13: 0 | N13: 0 | O13: 0 | P13: C32/40 | Q13: 50 | R13: - | S13: - | T13: 1.6 | U13: 2.5 | V13: 80 | W13: SS EN 1997-1 DA1; SS EN 1992-1-1 | X13: A | Y13: Approved | Z13: STD-RW-009 | AA13: RetainingWall/RW-GRAV-H1500-S5-A.dwg | AB13: RetainingWall/RW-GRAV-H1500-S5-A.pdf | AC13: RetainingWall/Calcs/RW-GRAV-H1500-S5-A_calc.pdf | AD13: 0.95 | AE13: 0 | AF13: 3.2 | AG13: 1.9 | AH13: EXAMPLE. Mass concrete, no rebar. | AJ13: EXAMPLE | AK13: EXAMPLE | AL13: EXAMPLE | AM13: 46309 | AN13: =IF(C13="","",C13&"|"&D13&"|"&E13&"|"&F13&"|"&Y13) -> Gravity|1.5|5|N|Approved
A14: =IF(C14="","","RW-"&IFERROR(VLOOKUP(C14,Lists!$M$4:$N$23,2,0),"??")&"-H"&TEXT(D14*1000,"0000")&"-S"&E14&IF(F14="Y","-GW","")&"-"&X14) | B14: =IF(C14="","",C14&", H = "&TEXT(D14,"0.0")&" m, q = "&E14&" kPa"&IF(F14="Y",", with GWT","")) | AN14: =IF(C14="","",C14&"|"&D14&"|"&E14&"|"&F14&"|"&Y14)
A15: =IF(C15="","","RW-"&IFERROR(VLOOKUP(C15,Lists!$M$4:$N$23,2,0),"??")&"-H"&TEXT(D15*1000,"0000")&"-S"&E15&IF(F15="Y","-GW","")&"-"&X15) | B15: =IF(C15="","",C15&", H = "&TEXT(D15,"0.0")&" m, q = "&E15&" kPa"&IF(F15="Y",", with GWT","")) | AN15: =IF(C15="","",C15&"|"&D15&"|"&E15&"|"&F15&"|"&Y15)
A16: =IF(C16="","","RW-"&IFERROR(VLOOKUP(C16,Lists!$M$4:$N$23,2,0),"??")&"-H"&TEXT(D16*1000,"0000")&"-S"&E16&IF(F16="Y","-GW","")&"-"&X16) | B16: =IF(C16="","",C16&", H = "&TEXT(D16,"0.0")&" m, q = "&E16&" kPa"&IF(F16="Y",", with GWT","")) | AN16: =IF(C16="","",C16&"|"&D16&"|"&E16&"|"&F16&"|"&Y16)
A17: =IF(C17="","","RW-"&IFERROR(VLOOKUP(C17,Lists!$M$4:$N$23,2,0),"??")&"-H"&TEXT(D17*1000,"0000")&"-S"&E17&IF(F17="Y","-GW","")&"-"&X17) | B17: =IF(C17="","",C17&", H = "&TEXT(D17,"0.0")&" m, q = "&E17&" kPa"&IF(F17="Y",", with GWT","")) | AN17: =IF(C17="","",C17&"|"&D17&"|"&E17&"|"&F17&"|"&Y17)
A18: =IF(C18="","","RW-"&IFERROR(VLOOKUP(C18,Lists!$M$4:$N$23,2,0),"??")&"-H"&TEXT(D18*1000,"0000")&"-S"&E18&IF(F18="Y","-GW","")&"-"&X18) | B18: =IF(C18="","",C18&", H = "&TEXT(D18,"0.0")&" m, q = "&E18&" kPa"&IF(F18="Y",", with GWT","")) | AN18: =IF(C18="","",C18&"|"&D18&"|"&E18&"|"&F18&"|"&Y18)
A19: =IF(C19="","","RW-"&IFERROR(VLOOKUP(C19,Lists!$M$4:$N$23,2,0),"??")&"-H"&TEXT(D19*1000,"0000")&"-S"&E19&IF(F19="Y","-GW","")&"-"&X19) | B19: =IF(C19="","",C19&", H = "&TEXT(D19,"0.0")&" m, q = "&E19&" kPa"&IF(F19="Y",", with GWT","")) | AN19: =IF(C19="","",C19&"|"&D19&"|"&E19&"|"&F19&"|"&Y19)
A20: =IF(C20="","","RW-"&IFERROR(VLOOKUP(C20,Lists!$M$4:$N$23,2,0),"??")&"-H"&TEXT(D20*1000,"0000")&"-S"&E20&IF(F20="Y","-GW","")&"-"&X20) | B20: =IF(C20="","",C20&", H = "&TEXT(D20,"0.0")&" m, q = "&E20&" kPa"&IF(F20="Y",", with GWT","")) | AN20: =IF(C20="","",C20&"|"&D20&"|"&E20&"|"&F20&"|"&Y20)
A21: =IF(C21="","","RW-"&IFERROR(VLOOKUP(C21,Lists!$M$4:$N$23,2,0),"??")&"-H"&TEXT(D21*1000,"0000")&"-S"&E21&IF(F21="Y","-GW","")&"-"&X21) | B21: =IF(C21="","",C21&", H = "&TEXT(D21,"0.0")&" m, q = "&E21&" kPa"&IF(F21="Y",", with GWT","")) | AN21: =IF(C21="","",C21&"|"&D21&"|"&E21&"|"&F21&"|"&Y21)
A22: =IF(C22="","","RW-"&IFERROR(VLOOKUP(C22,Lists!$M$4:$N$23,2,0),"??")&"-H"&TEXT(D22*1000,"0000")&"-S"&E22&IF(F22="Y","-GW","")&"-"&X22) | B22: =IF(C22="","",C22&", H = "&TEXT(D22,"0.0")&" m, q = "&E22&" kPa"&IF(F22="Y",", with GWT","")) | AN22: =IF(C22="","",C22&"|"&D22&"|"&E22&"|"&F22&"|"&Y22)
A23: =IF(C23="","","RW-"&IFERROR(VLOOKUP(C23,Lists!$M$4:$N$23,2,0),"??")&"-H"&TEXT(D23*1000,"0000")&"-S"&E23&IF(F23="Y","-GW","")&"-"&X23) | B23: =IF(C23="","",C23&", H = "&TEXT(D23,"0.0")&" m, q = "&E23&" kPa"&IF(F23="Y",", with GWT","")) | AN23: =IF(C23="","",C23&"|"&D23&"|"&E23&"|"&F23&"|"&Y23)
A24: =IF(C24="","","RW-"&IFERROR(VLOOKUP(C24,Lists!$M$4:$N$23,2,0),"??")&"-H"&TEXT(D24*1000,"0000")&"-S"&E24&IF(F24="Y","-GW","")&"-"&X24) | B24: =IF(C24="","",C24&", H = "&TEXT(D24,"0.0")&" m, q = "&E24&" kPa"&IF(F24="Y",", with GWT","")) | AN24: =IF(C24="","",C24&"|"&D24&"|"&E24&"|"&F24&"|"&Y24)
A25: =IF(C25="","","RW-"&IFERROR(VLOOKUP(C25,Lists!$M$4:$N$23,2,0),"??")&"-H"&TEXT(D25*1000,"0000")&"-S"&E25&IF(F25="Y","-GW","")&"-"&X25) | B25: =IF(C25="","",C25&", H = "&TEXT(D25,"0.0")&" m, q = "&E25&" kPa"&IF(F25="Y",", with GWT","")) | AN25: =IF(C25="","",C25&"|"&D25&"|"&E25&"|"&F25&"|"&Y25)
... A304: =IF(C304="","","RW-"&IFERROR(VLOOKUP(C304,Lists!$M$4:$N$23,2,0),"??")&"-H"&TEXT(D304*1000,"0000")&"-S"&E304&IF(F304="Y","-GW","")&"-"&X304) | B304: =IF(C304="","",C304&", H = "&TEXT(D304,"0.0")&" m, q = "&E304&" kPa"&IF(F304="Y",", with GWT","")) | AN304: =IF(C304="","",C304&"|"&D304&"|"&E304&"|"&F304&"|"&Y304)

Sheet Other_Register
A1: Other Structures Standard Design Register
A2: LTA linkway, railing, staircase, POB, USD and others. Type ONE short Type word (no spaces) so the Design ID stays readable. Pick Qty Unit for each row.
A3: Yellow = you type / pick. Grey = automatic (formula). Green headers = tender quantities per unit. Green-shaded rows = EXAMPLE data, delete or overwrite.
A4: Design ID | B4: Description | C4: Family | D4: Type (short, e.g. DoubleSpan) | E4: Span / Length (m) | F4: Height / Rise (m) | G4: Width (m) | H4: Design Load | I4: Foundation | J4: Material | K4: Key Members / Reinforcement | L4: Code Basis | M4: Rev | N4: Status | O4: Drawing No. | P4: Tender Detail DWG (file / link) | Q4: PDF (file / link) | R4: Calc Report (file / link) | S4: Qty Unit | T4: Concrete (m3/unit) | U4: Rebar / Steel (kg/unit) | V4: Formwork (m2/unit) | W4: Excavation (m3/unit) | X4: Limitations / Notes | Y4: Projects / Tenders Used | Z4: Designer | AA4: Checker | AB4: Approved By (QP) | AC4: Approval Date
A5: =IF(C5="","",IFERROR(VLOOKUP(C5,Lists!$Y$4:$Z$20,2,0),"??")&"-"&UPPER(SUBSTITUTE(D5," ",""))&IF(E5<>"","-SP"&TEXT(E5*1000,"0"),"")&IF(F5<>"","-H"&TEXT(F5*1000,"0"),"")&"-"&M5) -> LKW-SINGLESPAN-SP6000-H3000-A | B5: =IF(C5="","",C5&" - "&D5&IF(E5<>"",", span "&E5&" m","")&IF(F5<>"",", H "&F5&" m","")&IF(G5<>"",", W "&G5&" m","")) -> LTA Linkway - Single Span, span 6 m, H 3 m, W 2.4 m | C5: LTA Linkway | D5: Single Span | E5: 6 | F5: 3 | G5: 2.4 | H5: Wind + 0.75 kPa roof | I5: Pad footing | J5: Steel / metal deck | K5: UC 152x152x30 columns | L5: SS EN 1990/1991/1993; LTA SDRE | M5: A | N5: Approved | O5: STD-LKW-001 | P5: Others/LKW-SINGLESPAN-SP6000-H3000-A.dwg | Q5: Others/LKW-SINGLESPAN-SP6000-H3000-A.pdf | R5: Others/Calcs/LKW-SINGLESPAN-SP6000-H3000-A_calc.pdf | S5: span | T5: 1.2 | U5: 950 | V5: 4.8 | W5: 2.5 | X5: EXAMPLE values. Per span incl. 2 footings. | Z5: EXAMPLE | AA5: EXAMPLE | AB5: EXAMPLE | AC5: 46309
A6: =IF(C6="","",IFERROR(VLOOKUP(C6,Lists!$Y$4:$Z$20,2,0),"??")&"-"&UPPER(SUBSTITUTE(D6," ",""))&IF(E6<>"","-SP"&TEXT(E6*1000,"0"),"")&IF(F6<>"","-H"&TEXT(F6*1000,"0"),"")&"-"&M6) -> LKW-DOUBLESPAN-SP6000-H3000-A | B6: =IF(C6="","",C6&" - "&D6&IF(E6<>"",", span "&E6&" m","")&IF(F6<>"",", H "&F6&" m","")&IF(G6<>"",", W "&G6&" m","")) -> LTA Linkway - Double Span, span 6 m, H 3 m, W 3.6 m | C6: LTA Linkway | D6: Double Span | E6: 6 | F6: 3 | G6: 3.6 | H6: Wind + 0.75 kPa roof | I6: Pad footing | J6: Steel / metal deck | K6: CHS 168 columns | L6: SS EN 1990/1991/1993; LTA SDRE | M6: A | N6: Approved | O6: STD-LKW-002 | P6: Others/LKW-DOUBLESPAN-SP6000-H3000-A.dwg | Q6: Others/LKW-DOUBLESPAN-SP6000-H3000-A.pdf | R6: Others/Calcs/LKW-DOUBLESPAN-SP6000-H3000-A_calc.pdf | S6: span | T6: 1.5 | U6: 1350 | V6: 5.6 | W6: 3 | X6: EXAMPLE values. | Z6: EXAMPLE | AA6: EXAMPLE | AB6: EXAMPLE | AC6: 46309
A7: =IF(C7="","",IFERROR(VLOOKUP(C7,Lists!$Y$4:$Z$20,2,0),"??")&"-"&UPPER(SUBSTITUTE(D7," ",""))&IF(E7<>"","-SP"&TEXT(E7*1000,"0"),"")&IF(F7<>"","-H"&TEXT(F7*1000,"0"),"")&"-"&M7) -> RLG-PEDESTRIAN-H1000-A | B7: =IF(C7="","",C7&" - "&D7&IF(E7<>"",", span "&E7&" m","")&IF(F7<>"",", H "&F7&" m","")&IF(G7<>"",", W "&G7&" m","")) -> Railing - Pedestrian, H 1 m | C7: Railing | D7: Pedestrian | F7: 1 | H7: 1.5 kN/m line load | I7: Cast-in plate | J7: Galv. steel | K7: 50x50 SHS posts @1.5 m | L7: SS EN 1990/1991/1993; LTA SDRE | M7: A | N7: Approved | O7: STD-RLG-001 | P7: Others/RLG-PEDESTRIAN-H1000-A.dwg | Q7: Others/RLG-PEDESTRIAN-H1000-A.pdf | R7: Others/Calcs/RLG-PEDESTRIAN-H1000-A_calc.pdf | S7: m | T7: 0 | U7: 18 | V7: 0 | W7: 0 | X7: EXAMPLE values. | Z7: EXAMPLE | AA7: EXAMPLE | AB7: EXAMPLE | AC7: 46309
A8: =IF(C8="","",IFERROR(VLOOKUP(C8,Lists!$Y$4:$Z$20,2,0),"??")&"-"&UPPER(SUBSTITUTE(D8," ",""))&IF(E8<>"","-SP"&TEXT(E8*1000,"0"),"")&IF(F8<>"","-H"&TEXT(F8*1000,"0"),"")&"-"&M8) -> RLG-PARAPET-H1100-A | B8: =IF(C8="","",C8&" - "&D8&IF(E8<>"",", span "&E8&" m","")&IF(F8<>"",", H "&F8&" m","")&IF(G8<>"",", W "&G8&" m","")) -> Railing - Parapet, H 1.1 m | C8: Railing | D8: Parapet | F8: 1.1 | H8: 3.0 kN/m line load | I8: Bolted to RC kerb | J8: Galv. steel | K8: 100x50 RHS posts @1.2 m | L8: SS EN 1990/1991/1993; LTA SDRE | M8: A | N8: Checked | O8: STD-RLG-002 | P8: Others/RLG-PARAPET-H1100-A.dwg | Q8: Others/RLG-PARAPET-H1100-A.pdf | R8: Others/Calcs/RLG-PARAPET-H1100-A_calc.pdf | S8: m | T8: 0 | U8: 32 | V8: 0 | W8: 0 | X8: EXAMPLE values. | Z8: EXAMPLE | AA8: EXAMPLE | AB8: EXAMPLE | AC8: 46309
A9: =IF(C9="","",IFERROR(VLOOKUP(C9,Lists!$Y$4:$Z$20,2,0),"??")&"-"&UPPER(SUBSTITUTE(D9," ",""))&IF(E9<>"","-SP"&TEXT(E9*1000,"0"),"")&IF(F9<>"","-H"&TEXT(F9*1000,"0"),"")&"-"&M9) -> STR-RCSTRAIGHTFLIGHT-SP3600-H3000-A | B9: =IF(C9="","",C9&" - "&D9&IF(E9<>"",", span "&E9&" m","")&IF(F9<>"",", H "&F9&" m","")&IF(G9<>"",", W "&G9&" m","")) -> Staircase - RC Straight Flight, span 3.6 m, H 3 m, W 1.5 m | C9: Staircase | D9: RC Straight Flight | E9: 3.6 | F9: 3 | G9: 1.5 | H9: 5 kPa imposed | I9: Ground beam | J9: RC C32/40 | K9: Waist 175, T13@150 | L9: SS EN 1990/1991/1993; LTA SDRE | M9: A | N9: Approved | O9: STD-STR-001 | P9: Others/STR-RCSTRAIGHTFLIGHT-SP3600-H3000-A.dwg | Q9: Others/STR-RCSTRAIGHTFLIGHT-SP3600-H3000-A.pdf | R9: Others/Calcs/STR-RCSTRAIGHTFLIGHT-SP3600-H3000-A_calc.pdf | S9: nr | T9: 2.4 | U9: 210 | V9: 12.5 | W9: 1.8 | X9: EXAMPLE. Per flight. | Z9: EXAMPLE | AA9: EXAMPLE | AB9: EXAMPLE | AC9: 46309
A10: =IF(C10="","",IFERROR(VLOOKUP(C10,Lists!$Y$4:$Z$20,2,0),"??")&"-"&UPPER(SUBSTITUTE(D10," ",""))&IF(E10<>"","-SP"&TEXT(E10*1000,"0"),"")&IF(F10<>"","-H"&TEXT(F10*1000,"0"),"")&"-"&M10) -> POB-STEELTRUSSWITHLIFT-SP30000-H5700-A | B10: =IF(C10="","",C10&" - "&D10&IF(E10<>"",", span "&E10&" m","")&IF(F10<>"",", H "&F10&" m","")&IF(G10<>"",", W "&G10&" m","")) -> POB - Steel Truss with Lift, span 30 m, H 5.7 m, W 3 m | C10: POB | D10: Steel Truss with Lift | E10: 30 | F10: 5.7 | G10: 3 | H10: 5 kPa crowd; SS EN 1991-2 | I10: Bored piles | J10: Steel truss | K10: Warren truss, CHS chords | L10: SS EN 1990/1991/1993; LTA SDRE | M10: A | N10: WIP | O10: STD-POB-001 | P10: Others/POB-STEELTRUSSWITHLIFT-SP30000-H5700-A.dwg | Q10: Others/POB-STEELTRUSSWITHLIFT-SP30000-H5700-A.pdf | R10: Others/Calcs/POB-STEELTRUSSWITHLIFT-SP30000-H5700-A_calc.pdf | S10: nr | T10: 85 | U10: 52000 | V10: 210 | W10: 120 | X10: EXAMPLE. Indicative only - project-specific design needed. | Z10: EXAMPLE | AA10: EXAMPLE | AB10: EXAMPLE | AC10: 46309
A11: =IF(C11="","",IFERROR(VLOOKUP(C11,Lists!$Y$4:$Z$20,2,0),"??")&"-"&UPPER(SUBSTITUTE(D11," ",""))&IF(E11<>"","-SP"&TEXT(E11*1000,"0"),"")&IF(F11<>"","-H"&TEXT(F11*1000,"0"),"")&"-"&M11) | B11: =IF(C11="","",C11&" - "&D11&IF(E11<>"",", span "&E11&" m","")&IF(F11<>"",", H "&F11&" m","")&IF(G11<>"",", W "&G11&" m",""))
A12: =IF(C12="","",IFERROR(VLOOKUP(C12,Lists!$Y$4:$Z$20,2,0),"??")&"-"&UPPER(SUBSTITUTE(D12," ",""))&IF(E12<>"","-SP"&TEXT(E12*1000,"0"),"")&IF(F12<>"","-H"&TEXT(F12*1000,"0"),"")&"-"&M12) | B12: =IF(C12="","",C12&" - "&D12&IF(E12<>"",", span "&E12&" m","")&IF(F12<>"",", H "&F12&" m","")&IF(G12<>"",", W "&G12&" m",""))
A13: =IF(C13="","",IFERROR(VLOOKUP(C13,Lists!$Y$4:$Z$20,2,0),"??")&"-"&UPPER(SUBSTITUTE(D13," ",""))&IF(E13<>"","-SP"&TEXT(E13*1000,"0"),"")&IF(F13<>"","-H"&TEXT(F13*1000,"0"),"")&"-"&M13) | B13: =IF(C13="","",C13&" - "&D13&IF(E13<>"",", span "&E13&" m","")&IF(F13<>"",", H "&F13&" m","")&IF(G13<>"",", W "&G13&" m",""))
A14: =IF(C14="","",IFERROR(VLOOKUP(C14,Lists!$Y$4:$Z$20,2,0),"??")&"-"&UPPER(SUBSTITUTE(D14," ",""))&IF(E14<>"","-SP"&TEXT(E14*1000,"0"),"")&IF(F14<>"","-H"&TEXT(F14*1000,"0"),"")&"-"&M14) | B14: =IF(C14="","",C14&" - "&D14&IF(E14<>"",", span "&E14&" m","")&IF(F14<>"",", H "&F14&" m","")&IF(G14<>"",", W "&G14&" m",""))
A15: =IF(C15="","",IFERROR(VLOOKUP(C15,Lists!$Y$4:$Z$20,2,0),"??")&"-"&UPPER(SUBSTITUTE(D15," ",""))&IF(E15<>"","-SP"&TEXT(E15*1000,"0"),"")&IF(F15<>"","-H"&TEXT(F15*1000,"0"),"")&"-"&M15) | B15: =IF(C15="","",C15&" - "&D15&IF(E15<>"",", span "&E15&" m","")&IF(F15<>"",", H "&F15&" m","")&IF(G15<>"",", W "&G15&" m",""))
A16: =IF(C16="","",IFERROR(VLOOKUP(C16,Lists!$Y$4:$Z$20,2,0),"??")&"-"&UPPER(SUBSTITUTE(D16," ",""))&IF(E16<>"","-SP"&TEXT(E16*1000,"0"),"")&IF(F16<>"","-H"&TEXT(F16*1000,"0"),"")&"-"&M16) | B16: =IF(C16="","",C16&" - "&D16&IF(E16<>"",", span "&E16&" m","")&IF(F16<>"",", H "&F16&" m","")&IF(G16<>"",", W "&G16&" m",""))
A17: =IF(C17="","",IFERROR(VLOOKUP(C17,Lists!$Y$4:$Z$20,2,0),"??")&"-"&UPPER(SUBSTITUTE(D17," ",""))&IF(E17<>"","-SP"&TEXT(E17*1000,"0"),"")&IF(F17<>"","-H"&TEXT(F17*1000,"0"),"")&"-"&M17) | B17: =IF(C17="","",C17&" - "&D17&IF(E17<>"",", span "&E17&" m","")&IF(F17<>"",", H "&F17&" m","")&IF(G17<>"",", W "&G17&" m",""))
A18: =IF(C18="","",IFERROR(VLOOKUP(C18,Lists!$Y$4:$Z$20,2,0),"??")&"-"&UPPER(SUBSTITUTE(D18," ",""))&IF(E18<>"","-SP"&TEXT(E18*1000,"0"),"")&IF(F18<>"","-H"&TEXT(F18*1000,"0"),"")&"-"&M18) | B18: =IF(C18="","",C18&" - "&D18&IF(E18<>"",", span "&E18&" m","")&IF(F18<>"",", H "&F18&" m","")&IF(G18<>"",", W "&G18&" m",""))
A19: =IF(C19="","",IFERROR(VLOOKUP(C19,Lists!$Y$4:$Z$20,2,0),"??")&"-"&UPPER(SUBSTITUTE(D19," ",""))&IF(E19<>"","-SP"&TEXT(E19*1000,"0"),"")&IF(F19<>"","-H"&TEXT(F19*1000,"0"),"")&"-"&M19) | B19: =IF(C19="","",C19&" - "&D19&IF(E19<>"",", span "&E19&" m","")&IF(F19<>"",", H "&F19&" m","")&IF(G19<>"",", W "&G19&" m",""))
A20: =IF(C20="","",IFERROR(VLOOKUP(C20,Lists!$Y$4:$Z$20,2,0),"??")&"-"&UPPER(SUBSTITUTE(D20," ",""))&IF(E20<>"","-SP"&TEXT(E20*1000,"0"),"")&IF(F20<>"","-H"&TEXT(F20*1000,"0"),"")&"-"&M20) | B20: =IF(C20="","",C20&" - "&D20&IF(E20<>"",", span "&E20&" m","")&IF(F20<>"",", H "&F20&" m","")&IF(G20<>"",", W "&G20&" m",""))
A21: =IF(C21="","",IFERROR(VLOOKUP(C21,Lists!$Y$4:$Z$20,2,0),"??")&"-"&UPPER(SUBSTITUTE(D21," ",""))&IF(E21<>"","-SP"&TEXT(E21*1000,"0"),"")&IF(F21<>"","-H"&TEXT(F21*1000,"0"),"")&"-"&M21) | B21: =IF(C21="","",C21&" - "&D21&IF(E21<>"",", span "&E21&" m","")&IF(F21<>"",", H "&F21&" m","")&IF(G21<>"",", W "&G21&" m",""))
A22: =IF(C22="","",IFERROR(VLOOKUP(C22,Lists!$Y$4:$Z$20,2,0),"??")&"-"&UPPER(SUBSTITUTE(D22," ",""))&IF(E22<>"","-SP"&TEXT(E22*1000,"0"),"")&IF(F22<>"","-H"&TEXT(F22*1000,"0"),"")&"-"&M22) | B22: =IF(C22="","",C22&" - "&D22&IF(E22<>"",", span "&E22&" m","")&IF(F22<>"",", H "&F22&" m","")&IF(G22<>"",", W "&G22&" m",""))
... A304: =IF(C304="","",IFERROR(VLOOKUP(C304,Lists!$Y$4:$Z$20,2,0),"??")&"-"&UPPER(SUBSTITUTE(D304," ",""))&IF(E304<>"","-SP"&TEXT(E304*1000,"0"),"")&IF(F304<>"","-H"&TEXT(F304*1000,"0"),"")&"-"&M304) | B304: =IF(C304="","",C304&" - "&D304&IF(E304<>"",", span "&E304&" m","")&IF(F304<>"",", H "&F304&" m","")&IF(G304<>"",", W "&G304&" m",""))
